age,income,employment_years,debt,loan_amount,credit_history_years,num_loans,late_payments,credit_utilization,savings,employment_status,payment_history,creditworthy
25,42133.0,5.9,16823.0,20399.0,5.4,0,6,0.33,44723.0,Employed,Good,1
55,53975.0,3.4,35598.0,28075.0,7.0,6,3,0.223,35827.0,Employed,Good,0
50,61135.0,8.8,14260.0,12375.0,7.0,2,1,0.3,24889.0,Employed,Poor,0
40,32826.0,11.7,19361.0,20385.0,3.3,2,2,0.188,18528.0,Employed,Excellent,1
40,70934.0,4.1,7439.0,31229.0,8.8,4,2,0.596,54896.0,Employed,Good,1
59,56386.0,7.9,19483.0,24313.0,0.5,0,0,0.417,42075.0,Employed,Excellent,1
24,18000.0,5.0,5465.0,1187.0,14.0,4,5,0.139,4090.0,Self-employed,Excellent,1
52,18000.0,7.5,6668.0,8179.0,10.2,4,3,0.711,5366.0,Employed,Poor,0
30,54729.0,12.3,38965.0,31274.0,9.6,6,0,0.375,21777.0,Employed,Excellent,1
25,50139.0,8.0,31071.0,20589.0,0.5,0,0,0.168,44114.0,Employed,Excellent,1
44,52725.0,0.0,38934.0,16437.0,3.8,0,2,0.693,13247.0,Employed,Good,0
64,54384.0,7.8,31337.0,32724.0,12.6,6,3,0.598,43434.0,Employed,Good,1
54,59962.0,10.9,35374.0,16188.0,23.6,2,4,0.257,10200.0,Self-employed,Good,1
55,75848.0,5.1,29453.0,41001.0,11.8,0,0,0.177,64023.0,Employed,,0
53,30556.0,10.0,20930.0,10117.0,11.1,4,2,0.388,7215.0,Self-employed,Average,0
56,29217.0,3.2,18202.0,11218.0,9.1,3,3,0.641,22638.0,Employed,Good,0
44,30947.0,0.1,18036.0,1000.0,3.6,7,2,0.504,17654.0,Employed,Average,0
26,61356.0,6.6,12675.0,7865.0,11.0,7,0,0.27,42399.0,Employed,Average,1
58,82389.0,0.0,32809.0,37937.0,2.6,4,2,0.171,60590.0,Employed,Excellent,1
41,45511.0,5.0,,8752.0,2.2,1,1,0.359,3807.0,Employed,Average,0
43,18000.0,11.1,3055.0,11223.0,1.9,5,2,0.462,5054.0,Employed,Good,0
37,18000.0,0.0,10796.0,10017.0,10.9,1,0,0.464,0.0,Self-employed,Average,0
29,36673.0,0.9,26315.0,2554.0,6.8,6,1,0.784,24955.0,Employed,Excellent,1
62,42730.0,1.9,14185.0,7453.0,7.4,4,1,0.304,25391.0,Employed,Average,0
56,46015.0,5.7,7473.0,23114.0,6.9,2,0,0.23,13487.0,Self-employed,Average,1
49,55849.0,4.5,10484.0,24515.0,2.5,7,1,0.187,46253.0,Employed,Average,1
39,48142.0,11.6,11652.0,21649.0,4.3,4,3,0.769,17685.0,Employed,Excellent,1
58,78085.0,9.8,35839.0,10287.0,4.5,3,2,0.203,23812.0,Employed,Excellent,1
45,40128.0,8.0,32477.0,19145.0,1.4,1,5,0.676,14866.0,Employed,Average,0
40,36029.0,6.6,26551.0,11701.0,5.0,5,1,0.551,32601.0,Self-employed,Good,1
41,65535.0,7.6,31235.0,32692.0,2.7,2,4,0.311,2396.0,Employed,Poor,0
31,21216.0,2.6,16362.0,6603.0,9.3,1,1,0.348,17607.0,Employed,Good,1
25,63573.0,9.4,23705.0,1000.0,9.6,0,2,0.353,43896.0,Employed,Excellent,1
45,57256.0,1.6,42239.0,33419.0,1.8,5,2,0.514,32487.0,Employed,Average,0
60,51756.0,9.3,7066.0,28219.0,5.8,7,3,0.642,11165.0,Employed,Average,0
23,89942.0,10.7,9214.0,18238.0,14.4,2,0,0.68,60833.0,Employed,Good,1
59,41311.0,6.8,37465.0,25873.0,3.1,1,0,0.264,32662.0,Unemployed,Average,0
58,100327.0,5.3,66668.0,17074.0,8.7,4,1,0.824,51077.0,Employed,Good,0
33,50041.0,7.6,12068.0,8689.0,7.4,1,2,0.344,21546.0,Employed,Excellent,1
49,26906.0,0.0,16935.0,4635.0,11.4,0,2,0.671,2722.0,Employed,Excellent,1
28,56538.0,7.2,25339.0,16058.0,8.2,5,1,0.301,31645.0,Employed,Good,0
55,31323.0,5.5,6365.0,1592.0,5.3,4,2,0.547,8269.0,Employed,Average,1
52,38461.0,5.8,10522.0,7275.0,7.3,0,2,0.729,29830.0,Unemployed,Good,0
36,63735.0,8.8,12962.0,6939.0,7.3,1,2,0.521,18036.0,Self-employed,Average,0
24,67223.0,5.7,24569.0,28201.0,6.6,1,2,0.78,42231.0,Employed,Excellent,1
64,41312.0,1.4,15030.0,19764.0,1.7,5,3,0.137,11783.0,Self-employed,Average,0
41,76723.0,5.4,26886.0,35810.0,12.0,5,0,0.32,43199.0,Self-employed,Good,1
61,80465.0,6.3,12219.0,13291.0,11.3,5,2,0.354,71479.0,Employed,Excellent,1
51,86599.0,6.5,58975.0,54901.0,2.8,0,2,0.715,37320.0,Unemployed,Good,0
56,66647.0,6.6,35033.0,8599.0,5.8,6,3,0.521,11731.0,Self-employed,Poor,0
55,84995.0,10.2,56485.0,42544.0,6.1,1,3,0.305,49569.0,Self-employed,Poor,0
29,18000.0,1.7,500.0,2045.0,2.4,7,3,0.314,8509.0,Employed,Good,1
37,48006.0,6.7,23537.0,11606.0,0.5,6,1,0.862,35733.0,Employed,Good,0
42,35926.0,11.2,18571.0,2381.0,4.3,3,3,0.368,43619.0,Self-employed,Excellent,1
43,57623.0,0.0,17944.0,34448.0,5.6,6,1,0.361,37745.0,Employed,Good,1
22,42428.0,6.7,12443.0,24468.0,1.2,5,1,0.124,33677.0,Unemployed,Good,0
45,51345.0,3.7,,22413.0,7.7,6,2,0.434,16721.0,Employed,Poor,0
27,96408.0,4.5,22429.0,59108.0,11.7,0,0,0.341,28092.0,Employed,Good,1
54,51266.0,2.4,20105.0,26393.0,10.4,0,1,0.531,16761.0,Self-employed,Excellent,1
51,64103.0,5.3,9718.0,8408.0,6.5,7,1,0.505,40546.0,Employed,Poor,0
62,49890.0,13.4,14115.0,23046.0,0.5,6,1,0.292,19767.0,Employed,Average,0
54,,0.9,40965.0,14968.0,9.9,4,2,0.834,13878.0,,,1
37,55132.0,1.3,4313.0,20840.0,7.6,2,1,0.454,47989.0,Self-employed,Average,1
64,64863.0,0.8,18221.0,8531.0,8.7,3,1,0.551,17371.0,Employed,Good,1
39,80637.0,12.9,45940.0,50311.0,14.7,3,1,0.454,21421.0,Employed,Good,0
35,91243.0,4.2,22375.0,38292.0,3.7,3,2,0.134,29139.0,Employed,Excellent,1
61,61812.0,5.9,16550.0,14879.0,0.5,5,1,0.152,15840.0,Employed,Good,1
37,67970.0,4.4,4324.0,16112.0,2.8,6,3,0.601,7585.0,Self-employed,Excellent,1
24,29681.0,2.2,3757.0,11623.0,8.9,3,5,0.269,22539.0,Employed,Average,0
42,53067.0,5.1,30540.0,31063.0,,6,2,0.296,25260.0,Employed,Good,0
56,75686.0,15.8,8338.0,45164.0,2.1,0,2,0.528,50566.0,Employed,Good,1
29,74051.0,11.6,13232.0,14403.0,1.3,6,1,0.6,28529.0,Employed,Poor,0
41,59655.0,2.6,45652.0,19837.0,5.6,5,0,0.522,30771.0,Employed,Poor,0
26,74501.0,8.6,46497.0,31462.0,2.0,4,3,0.679,39626.0,Employed,Average,0
51,65797.0,2.7,18127.0,17714.0,9.1,3,1,0.276,47985.0,Self-employed,Average,1
42,81407.0,0.0,17912.0,26723.0,5.4,2,2,0.317,61666.0,Unemployed,Poor,0
35,61366.0,10.1,23284.0,8933.0,4.5,2,0,0.356,37283.0,Employed,Average,0
31,47175.0,10.6,26812.0,8846.0,4.0,7,0,0.318,12317.0,Self-employed,Good,0
46,62389.0,10.2,35987.0,16922.0,8.1,0,3,0.125,3812.0,Employed,Excellent,0
51,18000.0,4.1,8435.0,4992.0,7.2,5,1,0.068,2118.0,Employed,Excellent,1
63,63423.0,5.3,9110.0,18063.0,7.8,7,1,0.683,55300.0,Employed,Good,1
40,18000.0,9.0,3914.0,1000.0,7.7,4,4,0.497,18261.0,Employed,Good,0
28,18000.0,7.6,7282.0,9673.0,6.7,5,2,0.36,0.0,Employed,Good,0
58,64939.0,4.4,35857.0,40757.0,2.9,4,2,0.735,5262.0,Self-employed,Excellent,0
49,65506.0,0.0,3193.0,14709.0,4.1,4,2,0.245,51409.0,Employed,Good,1
52,29427.0,6.5,13749.0,1907.0,5.4,5,1,0.516,16635.0,Employed,Good,1
25,39334.0,10.3,10174.0,20008.0,15.3,7,0,0.493,5146.0,Employed,Good,1
35,85152.0,1.2,42914.0,27694.0,1.6,5,0,0.296,71425.0,Unemployed,Good,0
55,44351.0,8.6,36951.0,20554.0,5.3,6,1,0.493,39139.0,Employed,Good,0
58,104344.0,7.3,35564.0,15684.0,7.4,4,1,0.747,40561.0,Unemployed,Good,1
40,54958.0,9.0,4992.0,7297.0,5.8,6,0,0.158,22245.0,Unemployed,Excellent,1
57,63977.0,9.5,24822.0,17861.0,11.3,7,0,0.136,32843.0,Employed,Average,1
58,90571.0,3.2,34391.0,38617.0,5.8,1,1,0.166,26390.0,Employed,Average,0
38,57883.0,0.0,44140.0,13790.0,6.1,6,0,0.471,50617.0,Employed,Excellent,1
61,32948.0,3.9,2450.0,6789.0,10.3,5,3,0.299,19983.0,Employed,Average,0
33,52586.0,9.6,33450.0,19649.0,14.2,3,3,0.67,33879.0,Employed,Average,0
31,54217.0,3.8,18157.0,25477.0,12.6,6,1,0.538,35146.0,Self-employed,Poor,0
51,24976.0,3.2,500.0,5928.0,6.5,1,1,0.624,23890.0,Unemployed,Average,1
49,49372.0,0.0,15327.0,16686.0,6.8,5,1,0.345,1388.0,Employed,Good,0
27,38672.0,13.0,7765.0,13770.0,7.2,4,0,0.533,1611.0,Employed,Excellent,1
58,75336.0,9.3,18911.0,13299.0,7.6,7,0,0.424,52283.0,Employed,Excellent,1
29,55761.0,9.1,30755.0,32111.0,3.6,4,1,0.738,11469.0,Employed,Excellent,1
57,48778.0,9.9,14341.0,33902.0,10.7,4,1,0.626,32942.0,Employed,Good,0
21,52664.0,8.3,14532.0,19826.0,7.8,4,4,0.373,15547.0,Unemployed,Poor,0
56,59909.0,5.0,8299.0,4934.0,6.8,4,3,0.769,20663.0,Employed,Excellent,1
56,68570.0,5.3,5021.0,13878.0,1.9,7,1,0.122,12568.0,Employed,Good,1
56,33006.0,4.3,18178.0,4929.0,7.2,6,1,0.806,21748.0,Employed,Poor,0
50,32085.0,16.5,26716.0,13796.0,0.5,0,0,0.464,0.0,Employed,Excellent,0
42,79303.0,8.2,1063.0,42210.0,4.7,4,4,0.149,12871.0,Unemployed,Excellent,1
52,45929.0,4.1,,24277.0,4.7,2,2,0.334,20939.0,Unemployed,Good,0
33,23829.0,7.9,13898.0,10586.0,8.1,1,0,0.607,5893.0,Employed,Excellent,0
56,64764.0,2.0,46421.0,16233.0,14.5,6,3,0.283,32621.0,Employed,Good,0
46,65194.0,12.0,20254.0,2068.0,9.3,6,0,0.534,60274.0,Self-employed,Good,1
41,21324.0,3.4,15586.0,8075.0,12.8,7,0,0.236,20321.0,Employed,Good,0
43,60049.0,8.0,21561.0,6277.0,9.6,3,2,0.292,31324.0,Employed,,1
46,71183.0,10.3,44499.0,41459.0,11.5,3,0,0.609,27442.0,Unemployed,Average,0
22,63237.0,7.5,39475.0,36325.0,14.4,6,1,0.439,45925.0,Employed,Excellent,1
27,68904.0,6.4,27151.0,14428.0,4.1,1,2,0.238,50497.0,Employed,Good,1
32,24106.0,6.0,11089.0,18186.0,3.8,0,2,0.328,19372.0,Employed,Excellent,0
26,62283.0,5.8,35469.0,23899.0,9.7,3,2,0.667,20068.0,Employed,Average,0
40,48342.0,3.7,30340.0,25516.0,7.0,5,0,0.617,4499.0,Self-employed,Good,0
51,44379.0,4.2,7509.0,20230.0,7.9,3,0,0.519,22278.0,Self-employed,Excellent,1
50,74152.0,11.9,31933.0,10318.0,6.0,1,1,0.643,21582.0,Employed,Good,0
42,87544.0,5.6,21560.0,33351.0,4.6,4,2,0.58,4090.0,Employed,Good,0
59,94476.0,2.9,37885.0,10150.0,13.5,7,2,0.298,82504.0,Self-employed,Average,1
46,83926.0,3.9,29585.0,37400.0,2.6,2,0,0.595,11143.0,Employed,Poor,0
24,52586.0,10.4,36206.0,10604.0,9.7,3,3,0.505,14400.0,Employed,Excellent,1
55,62760.0,8.7,46203.0,28590.0,9.1,2,1,0.785,45871.0,Employed,Good,0
46,71870.0,8.2,24972.0,34231.0,0.7,2,0,0.726,55339.0,Employed,Good,1
49,57666.0,5.0,13326.0,6469.0,3.7,5,1,0.386,18565.0,Employed,Average,1
46,57877.0,8.3,20519.0,21110.0,4.3,2,1,0.08,16067.0,Employed,Excellent,1
45,73123.0,3.4,7291.0,31519.0,9.3,4,1,0.481,62015.0,Employed,Good,1
25,53696.0,5.0,9904.0,7102.0,5.5,0,1,0.289,41880.0,Employed,Average,1
46,38956.0,9.9,9059.0,13833.0,6.7,5,3,0.577,15662.0,Employed,Good,1
56,45882.0,9.5,17455.0,18347.0,1.2,0,2,0.226,17156.0,Employed,Average,0
34,68946.0,2.1,10585.0,18992.0,16.3,3,2,0.623,57433.0,Self-employed,Excellent,1
48,,2.6,18672.0,31793.0,7.3,6,3,0.757,43445.0,,Poor,0
22,62485.0,6.4,37871.0,23784.0,9.0,2,2,0.372,11877.0,Employed,Average,0
36,69742.0,12.9,17025.0,26305.0,4.8,5,2,0.762,32227.0,Employed,Good,1
40,46753.0,0.0,19096.0,1000.0,4.4,2,1,0.287,33983.0,Employed,Excellent,1
65,71637.0,7.1,57054.0,5496.0,14.7,7,0,0.848,60183.0,Employed,Good,1
30,63335.0,0.5,25983.0,3325.0,0.5,7,4,0.529,13736.0,Employed,Average,0
33,27834.0,3.5,11392.0,22922.0,8.1,7,4,0.605,21081.0,Employed,Excellent,0
39,86731.0,4.5,24512.0,56864.0,2.2,3,1,0.51,58466.0,Employed,Poor,0
65,43984.0,4.3,23604.0,30479.0,5.4,2,2,0.582,5727.0,Employed,Average,0
59,18588.0,3.9,10458.0,1000.0,4.4,4,2,0.448,1968.0,Self-employed,Poor,0
22,32009.0,6.0,9518.0,13685.0,3.1,6,6,0.549,8927.0,Employed,Good,0
31,32537.0,3.9,8441.0,20217.0,7.1,4,3,0.883,34053.0,Unemployed,Good,0
57,56148.0,0.2,28454.0,28190.0,0.5,5,0,0.284,5085.0,Employed,Excellent,0
23,48975.0,9.1,18999.0,4603.0,5.7,7,3,0.253,36640.0,Employed,Good,1
59,47590.0,9.0,21747.0,32428.0,6.6,6,0,0.801,22800.0,Employed,Excellent,0
33,68633.0,9.4,6941.0,10050.0,1.6,2,2,0.544,46928.0,Self-employed,Excellent,1
62,62477.0,0.0,15751.0,10012.0,13.1,1,0,0.524,52721.0,Employed,Average,1
34,61953.0,7.2,36591.0,31207.0,4.6,3,2,0.041,56420.0,Unemployed,Excellent,0
40,64016.0,8.7,21665.0,24071.0,6.1,4,0,0.322,42267.0,Self-employed,Excellent,1
50,68555.0,1.9,28452.0,17854.0,4.6,6,2,0.6,34584.0,Employed,Good,1
26,18000.0,6.0,2298.0,8506.0,6.7,2,1,0.192,7391.0,Employed,Average,0
46,46982.0,5.5,19200.0,30837.0,12.2,1,2,0.811,16838.0,Employed,Average,0
43,18000.0,13.4,14941.0,2825.0,16.9,2,2,0.332,10934.0,Employed,Good,0
56,,13.7,24677.0,27969.0,10.0,4,1,0.394,13540.0,Self-employed,Excellent,1
65,54898.0,0.0,10038.0,16510.0,11.4,1,3,0.071,19790.0,,Good,1
50,78002.0,16.0,54054.0,8682.0,13.9,3,3,0.256,10996.0,Employed,Good,0
39,81128.0,2.3,43776.0,19502.0,8.0,2,2,0.349,53966.0,Employed,Good,1
39,59461.0,9.9,31925.0,24542.0,13.3,7,2,0.15,9551.0,Employed,Excellent,1
39,43992.0,9.9,500.0,4804.0,10.2,4,0,0.436,10308.0,Self-employed,Poor,0
57,65674.0,2.0,12055.0,14618.0,7.6,5,1,0.278,38501.0,Employed,Excellent,1
35,43386.0,8.0,22850.0,15139.0,8.4,4,1,0.377,24388.0,Employed,Good,1
28,54969.0,5.6,10577.0,22752.0,0.5,0,2,0.577,36340.0,Employed,Excellent,1
36,76695.0,8.2,14387.0,36775.0,8.2,2,1,0.625,47112.0,Unemployed,Average,0
22,42729.0,6.9,21862.0,16115.0,0.8,6,3,0.596,23186.0,Employed,Good,0
25,72725.0,10.8,21103.0,20146.0,0.5,4,2,0.537,13089.0,Employed,Poor,0
25,69903.0,6.3,2314.0,25327.0,7.8,5,3,0.602,8384.0,Unemployed,Average,0
55,33995.0,5.3,4614.0,10251.0,2.5,6,5,0.151,37163.0,Self-employed,Average,0
53,76426.0,10.4,35828.0,29213.0,7.0,4,2,0.686,17675.0,Employed,Excellent,1
52,70368.0,8.3,39859.0,11742.0,7.6,4,0,0.287,60373.0,Self-employed,Good,1
41,57242.0,8.9,31657.0,16384.0,7.7,1,3,0.691,51787.0,Employed,Average,0
53,38229.0,3.3,2730.0,9430.0,,1,0,0.235,12132.0,Employed,Poor,0
28,36097.0,1.8,8460.0,1000.0,10.6,1,1,0.857,29631.0,Employed,Average,0
61,43171.0,3.7,17888.0,33438.0,6.6,2,1,0.363,15009.0,Employed,Poor,0
43,66937.0,3.5,14810.0,28978.0,8.8,5,2,0.614,22711.0,Self-employed,Good,1
63,33976.0,9.1,14716.0,19067.0,2.2,7,3,0.362,20036.0,Employed,Good,0
27,64625.0,9.9,44996.0,22437.0,6.3,3,1,0.224,42256.0,Employed,Good,0
43,27681.0,5.4,19600.0,6324.0,11.4,4,2,0.429,30846.0,Self-employed,Good,0
52,,11.7,16190.0,15732.0,10.9,6,1,0.234,16320.0,Employed,Excellent,1
43,57412.0,11.5,,17329.0,3.8,5,1,0.26,45781.0,Employed,Good,0
41,108793.0,7.0,5338.0,53512.0,4.8,2,1,0.418,35365.0,Employed,Excellent,1
28,24699.0,2.7,13239.0,5899.0,3.0,2,1,0.773,17101.0,Self-employed,Excellent,0
38,87384.0,12.3,37942.0,32380.0,4.4,5,4,0.23,54168.0,Employed,Good,1
31,58297.0,5.8,27807.0,21217.0,1.4,2,1,0.726,38719.0,Unemployed,Average,0
34,64046.0,6.5,40706.0,34112.0,6.4,1,2,0.7,36360.0,Self-employed,Good,0
51,57604.0,4.6,23433.0,35946.0,9.5,4,0,0.738,44992.0,Self-employed,Good,1
49,64784.0,2.4,17594.0,32981.0,3.9,5,2,0.676,4355.0,Self-employed,Average,0
48,51619.0,0.1,11702.0,21814.0,6.6,2,1,0.178,25860.0,Employed,Good,1
37,86989.0,8.5,47814.0,17603.0,,0,1,0.032,19485.0,Self-employed,Good,1
64,44958.0,2.9,18435.0,21910.0,11.2,6,3,0.75,39931.0,Employed,Good,0
24,79909.0,18.2,14989.0,43407.0,4.6,3,1,0.173,8762.0,Employed,Excellent,1
36,40824.0,1.7,17795.0,17391.0,4.7,5,2,0.634,8492.0,Employed,Good,0
26,53674.0,1.0,24290.0,28744.0,3.6,1,1,0.165,32079.0,Self-employed,Average,0
36,31417.0,8.0,17341.0,2480.0,2.4,2,0,0.196,7196.0,Employed,Good,0
64,65011.0,12.1,3743.0,30592.0,9.1,4,2,0.193,29825.0,Self-employed,Average,1
37,86793.0,6.3,27463.0,47826.0,6.5,0,1,0.161,86092.0,Unemployed,Good,0
61,53298.0,8.3,1632.0,24370.0,7.2,2,0,0.277,16409.0,Employed,Good,1
43,50669.0,0.0,500.0,19744.0,12.1,5,2,0.246,18779.0,Employed,Average,1
52,30478.0,3.3,6654.0,6188.0,12.3,6,3,0.461,33857.0,Employed,Average,1
41,49956.0,1.7,10804.0,25870.0,0.5,2,0,0.668,36129.0,Employed,Good,1
32,19959.0,0.0,4279.0,1129.0,9.6,0,1,0.254,4940.0,Employed,Good,1
55,34917.0,6.5,25330.0,3608.0,7.9,0,2,0.649,27318.0,Employed,Excellent,0
64,59989.0,0.0,15578.0,36133.0,5.2,4,0,0.622,34073.0,Employed,Average,0
32,84018.0,0.7,62731.0,54946.0,8.3,5,1,0.207,60930.0,Employed,Good,0
56,116803.0,3.9,83323.0,68670.0,0.5,4,0,0.3,57548.0,Employed,Excellent,1
32,42095.0,2.7,8661.0,11598.0,12.9,3,4,0.686,13905.0,Employed,Excellent,1
53,86577.0,7.6,63749.0,11721.0,9.1,0,2,0.77,66376.0,Employed,Poor,0
56,60363.0,7.2,39499.0,17970.0,3.5,1,2,0.626,8980.0,Self-employed,Excellent,1
41,51673.0,9.6,20063.0,30202.0,4.7,0,1,0.109,35342.0,Employed,Average,0
54,64517.0,9.0,40938.0,22182.0,0.5,3,0,0.274,44471.0,,Good,1
33,56362.0,10.6,3682.0,33659.0,5.7,2,0,0.88,51256.0,Employed,Good,1
24,57429.0,6.0,35359.0,17117.0,5.1,0,1,0.194,0.0,Employed,Good,0
25,46017.0,7.2,17070.0,15332.0,1.7,4,1,0.825,7654.0,Self-employed,Good,0
41,24242.0,8.0,500.0,18374.0,10.1,2,0,0.376,5684.0,Employed,Good,1
61,21040.0,6.6,5879.0,3785.0,12.1,7,0,0.53,12215.0,Employed,Good,1
26,,4.4,49051.0,43895.0,6.9,3,1,0.852,24039.0,Self-employed,Good,0
41,48913.0,4.7,19413.0,23768.0,5.8,0,2,0.57,30031.0,Self-employed,Average,0
52,41886.0,2.7,8777.0,1653.0,8.7,5,2,0.167,19685.0,Employed,Good,1
30,,7.7,10826.0,4209.0,6.9,5,2,0.31,48106.0,Employed,Good,1
53,72489.0,5.6,31543.0,45142.0,2.7,7,1,0.55,21419.0,Employed,Good,0
34,58968.0,3.3,42102.0,20626.0,4.4,5,3,0.813,30683.0,Employed,Good,0
57,40567.0,3.4,26688.0,19603.0,5.8,2,2,0.251,21367.0,Self-employed,Good,0
47,81978.0,1.2,34845.0,45564.0,8.0,5,1,0.775,27234.0,Employed,Excellent,1
45,89742.0,9.9,20034.0,27356.0,7.0,6,0,0.298,53796.0,,Average,1
28,65880.0,6.3,6089.0,39997.0,7.8,4,0,0.402,39007.0,Employed,,0
41,76421.0,2.5,33526.0,41294.0,0.9,6,1,0.458,56066.0,Self-employed,,1
59,82323.0,9.2,50705.0,6705.0,9.7,7,1,0.545,45305.0,Employed,Excellent,1
21,79862.0,3.8,44918.0,43302.0,7.0,6,2,0.491,58277.0,Self-employed,Poor,0
55,68510.0,0.4,29907.0,19108.0,17.2,4,0,0.055,73171.0,Employed,Good,1
43,68164.0,10.1,38272.0,15880.0,5.4,3,1,0.447,11742.0,Self-employed,Good,0
53,66433.0,3.9,23576.0,21175.0,8.3,6,2,0.557,27709.0,Self-employed,Average,0
50,30859.0,4.4,12236.0,20143.0,18.3,6,0,0.564,20041.0,Self-employed,Good,0
40,70416.0,6.2,34882.0,1604.0,7.8,2,3,0.25,2673.0,Unemployed,,0
34,25172.0,10.6,16459.0,5338.0,6.7,0,2,0.346,19483.0,Unemployed,Poor,0
49,37519.0,6.1,16472.0,17849.0,3.1,6,2,0.369,17909.0,Unemployed,Good,0
27,83678.0,1.2,57992.0,12892.0,13.1,1,1,0.521,12511.0,Employed,Average,0
47,73485.0,8.2,27019.0,34525.0,,7,1,0.468,32277.0,Employed,Excellent,0
25,87723.0,4.1,5277.0,53269.0,8.7,0,1,0.86,54846.0,Employed,Good,1
50,49023.0,13.6,7905.0,4271.0,5.1,7,2,0.714,674.0,Employed,Average,0
49,29651.0,6.0,12389.0,5666.0,6.2,5,1,0.097,4456.0,Employed,Poor,0
24,49710.0,0.0,22357.0,31508.0,,2,2,0.163,36883.0,Employed,Average,0
55,57245.0,7.4,23496.0,7747.0,12.4,0,3,0.229,35414.0,Unemployed,Excellent,1
39,56738.0,13.8,34832.0,9894.0,5.9,6,1,0.636,33079.0,Employed,Average,0
56,79941.0,12.3,24521.0,47781.0,2.1,0,4,0.598,35046.0,Employed,Excellent,1
22,47052.0,13.3,28132.0,26530.0,12.0,0,2,0.396,3266.0,Employed,Good,0
29,62745.0,1.9,32954.0,22253.0,5.0,6,4,0.617,54718.0,Employed,Average,0
43,33250.0,9.6,14258.0,10166.0,8.3,5,1,0.436,10193.0,Employed,Good,1
29,64907.0,3.1,21830.0,40850.0,10.4,1,1,0.589,48603.0,Employed,Good,1
35,55068.0,6.9,4708.0,25534.0,8.9,2,1,0.623,47173.0,Employed,Average,0
50,38504.0,0.9,15774.0,19234.0,0.5,5,0,0.342,1957.0,Self-employed,Average,0
27,49812.0,3.4,30510.0,29634.0,9.8,5,0,0.621,30292.0,Employed,Excellent,1
51,50948.0,3.3,45339.0,29823.0,6.6,2,1,0.303,39982.0,Self-employed,Excellent,0
25,49057.0,9.6,28667.0,14661.0,5.7,3,0,0.725,42234.0,Self-employed,Good,1
28,93970.0,9.2,27235.0,21004.0,6.6,0,0,0.225,51282.0,Employed,Excellent,1
47,52834.0,7.1,28872.0,14914.0,0.6,0,2,0.539,8260.0,Employed,Excellent,1
56,49634.0,0.6,28852.0,15579.0,7.8,7,1,0.267,30380.0,Self-employed,Excellent,1
28,18000.0,4.8,1071.0,1387.0,1.5,1,0,0.243,8582.0,Self-employed,Excellent,1
34,35327.0,3.0,15250.0,11593.0,5.9,7,1,0.287,24804.0,Employed,Good,1
62,49212.0,9.5,1509.0,30522.0,7.6,0,0,0.218,7288.0,Employed,Poor,0
65,39911.0,10.7,2105.0,17358.0,11.3,7,0,0.424,32352.0,Employed,Average,1
47,85398.0,10.2,3199.0,7345.0,3.7,3,2,0.24,41198.0,Employed,Good,1
41,51371.0,3.0,6001.0,18786.0,12.8,6,3,0.388,14919.0,Employed,Excellent,1
36,83346.0,0.0,54456.0,14509.0,10.8,6,4,0.667,27090.0,Self-employed,Average,0
48,56358.0,0.0,18722.0,23939.0,5.3,2,2,0.307,8760.0,Employed,Good,0
47,55819.0,11.7,10887.0,21525.0,2.6,5,0,0.231,27508.0,Employed,Average,0
34,53046.0,4.4,17219.0,5139.0,1.2,2,1,0.16,6836.0,Employed,Good,1
22,55084.0,3.0,24874.0,26906.0,8.1,6,3,0.265,24436.0,Employed,Average,0
27,92813.0,12.6,26875.0,7531.0,4.1,7,3,0.448,13051.0,Employed,Excellent,1
64,18000.0,11.1,500.0,2424.0,11.8,6,0,0.137,3385.0,Employed,Average,1
39,18000.0,6.1,8891.0,9163.0,4.3,5,0,0.758,0.0,Self-employed,Average,0
42,43050.0,4.8,6156.0,12243.0,3.4,2,0,0.818,23422.0,Self-employed,Good,1
42,55320.0,5.5,29722.0,28407.0,7.9,0,1,0.232,23062.0,Employed,Poor,0
56,70182.0,6.9,10341.0,42317.0,4.3,4,0,0.435,29792.0,Employed,Excellent,1
23,65408.0,12.4,40799.0,40307.0,7.0,1,1,0.255,38034.0,Employed,Excellent,1
24,46547.0,7.7,26897.0,1193.0,10.9,4,0,0.506,25152.0,Self-employed,Average,0
33,77419.0,8.9,6284.0,36630.0,7.5,6,3,0.528,57666.0,Employed,Good,1
42,77664.0,10.7,8427.0,34077.0,7.5,0,1,0.232,10420.0,Self-employed,Excellent,1
51,59049.0,1.3,42674.0,11660.0,7.8,7,3,0.299,18305.0,Employed,Excellent,1
43,76178.0,9.0,20610.0,47597.0,0.5,4,2,0.625,7303.0,Employed,Excellent,0
40,60998.0,4.8,29797.0,15041.0,8.6,0,1,0.891,27552.0,Employed,Excellent,1
63,42647.0,0.0,6299.0,17107.0,7.6,5,2,0.366,21547.0,Employed,Good,1
28,70352.0,0.0,19048.0,30530.0,10.6,0,0,0.284,63827.0,Employed,Excellent,1
46,57433.0,1.9,32109.0,17881.0,9.4,4,2,0.76,27321.0,Employed,Good,0
45,55029.0,8.1,41893.0,10430.0,6.2,4,0,0.583,20286.0,Employed,Good,1
42,87405.0,6.5,26774.0,49674.0,11.1,5,1,0.402,21017.0,Unemployed,Average,0
57,18000.0,6.7,21868.0,3454.0,5.8,3,2,0.126,16707.0,Employed,Poor,0
33,23811.0,13.8,15261.0,1814.0,8.0,0,1,0.359,12115.0,Self-employed,Excellent,1
63,28884.0,0.9,4427.0,10013.0,5.8,3,0,0.439,3060.0,Unemployed,Excellent,1
35,47008.0,5.9,15899.0,26905.0,8.8,6,1,0.651,6285.0,Employed,Excellent,0
45,49399.0,7.2,8458.0,7746.0,5.5,7,2,0.324,38985.0,Employed,,1
44,21839.0,3.1,8288.0,10193.0,13.6,1,2,0.512,23957.0,Employed,Good,1
59,33327.0,6.1,13897.0,9156.0,15.1,2,2,0.472,10020.0,Self-employed,Excellent,1
40,36061.0,0.0,14336.0,3919.0,10.5,7,1,0.134,988.0,Self-employed,Average,0
33,109063.0,11.6,21514.0,33920.0,13.2,2,1,0.595,64881.0,,Poor,0
21,94638.0,3.3,48084.0,24429.0,0.8,1,3,0.283,28272.0,Employed,Excellent,1
37,45942.0,14.1,22747.0,33728.0,1.3,6,1,0.236,1157.0,Unemployed,Excellent,0
58,47001.0,5.9,18885.0,27982.0,5.7,3,1,0.403,11462.0,Employed,Average,0
21,29718.0,10.1,5309.0,7095.0,7.2,4,2,0.444,17148.0,Employed,,0
61,18000.0,5.8,500.0,1181.0,6.2,3,5,0.496,3759.0,Employed,Excellent,1
45,52429.0,5.9,23004.0,17603.0,0.5,4,1,0.442,41216.0,Employed,Good,1
27,33047.0,3.7,7084.0,26961.0,11.6,2,1,0.411,29118.0,Employed,Excellent,1
34,53133.0,6.5,17833.0,15678.0,15.6,5,3,0.705,24312.0,Employed,Good,1
45,19795.0,7.3,3940.0,5691.0,12.1,2,1,0.67,8072.0,Unemployed,Average,0
35,38237.0,2.9,22148.0,17065.0,11.3,4,2,0.267,10693.0,Employed,Excellent,1
25,58270.0,5.5,30507.0,13437.0,7.9,1,2,0.182,43791.0,Self-employed,Good,1
50,63057.0,3.6,22461.0,23735.0,3.6,0,0,0.603,7983.0,Employed,Good,1
51,64184.0,15.2,44275.0,1130.0,7.3,4,1,0.237,14149.0,Employed,Good,1
26,25949.0,5.6,17493.0,7677.0,15.4,1,0,0.202,5483.0,Employed,Average,0
33,73803.0,12.2,13722.0,15412.0,5.6,7,1,0.391,13208.0,Self-employed,Good,1
31,37395.0,5.2,23741.0,23119.0,5.2,7,1,0.699,19350.0,Self-employed,Average,0
50,68923.0,7.0,23952.0,21351.0,11.4,2,2,0.416,14406.0,Employed,Average,0
53,54766.0,0.7,46148.0,5452.0,11.7,2,2,0.371,29521.0,Employed,Average,0
53,24719.0,4.2,500.0,16325.0,3.6,4,2,0.741,6146.0,Employed,Excellent,1
63,48044.0,6.8,10675.0,26341.0,6.0,1,1,0.604,28102.0,Employed,Good,0
55,63038.0,12.3,21437.0,33152.0,5.0,6,3,0.425,32596.0,Employed,Good,1
35,68485.0,6.9,20917.0,32943.0,7.3,0,0,0.264,14525.0,Self-employed,Excellent,1
25,51898.0,11.5,34020.0,21496.0,11.4,3,1,0.137,38185.0,Employed,Excellent,1
48,88699.0,8.6,28493.0,36629.0,3.8,1,4,0.478,75230.0,Employed,Excellent,1
62,77165.0,12.5,21434.0,2457.0,11.4,6,0,0.235,6376.0,Employed,Poor,1
64,49354.0,5.8,,4706.0,7.4,1,2,0.424,36065.0,Unemployed,Average,1
31,71503.0,15.6,43496.0,42833.0,16.3,3,0,0.572,41116.0,Employed,Average,0
31,97543.0,4.1,58045.0,42123.0,8.3,6,1,0.35,67916.0,Employed,Poor,0
22,98131.0,2.9,37899.0,19519.0,6.6,3,1,0.777,8713.0,Self-employed,Average,0
27,27984.0,1.2,817.0,1000.0,9.3,1,1,0.44,2414.0,Employed,Good,1
45,34616.0,15.3,8689.0,22005.0,5.7,1,2,0.717,7950.0,Employed,Good,0
45,87668.0,9.3,61005.0,5555.0,,4,5,0.555,13436.0,Employed,Average,0
37,31718.0,4.7,21570.0,5144.0,6.0,0,1,0.667,11623.0,Self-employed,Average,0
34,25904.0,11.0,9936.0,6250.0,6.0,2,3,0.385,24797.0,Self-employed,Average,0
58,44304.0,8.8,29331.0,10478.0,0.6,4,2,0.784,23586.0,Employed,Good,0
41,64245.0,13.9,8563.0,11548.0,6.7,3,2,0.722,21031.0,Employed,Average,0
57,52747.0,0.0,34589.0,32942.0,0.5,6,2,0.818,17699.0,Employed,Good,0
64,40688.0,4.9,500.0,7848.0,5.6,5,1,0.652,19541.0,Employed,Good,1
35,40167.0,4.1,1571.0,11118.0,8.0,1,1,0.216,31528.0,Employed,Good,1
30,39329.0,0.0,14807.0,17066.0,7.4,6,0,0.597,27577.0,Employed,Excellent,1
63,35651.0,10.2,7108.0,16455.0,5.4,7,3,0.277,12477.0,Employed,Excellent,1
49,105196.0,4.9,73532.0,50485.0,6.7,1,2,0.254,37826.0,Unemployed,Average,0
34,61545.0,9.0,,35382.0,3.9,2,1,0.618,10263.0,Employed,Excellent,1
48,74509.0,15.4,43597.0,32387.0,7.0,3,1,0.398,61312.0,Employed,Poor,0
44,44240.0,4.6,25660.0,15921.0,7.2,3,1,0.272,13384.0,Employed,Excellent,1
61,50909.0,4.3,28860.0,25673.0,3.4,3,0,0.125,13583.0,Self-employed,Excellent,1
32,39302.0,6.5,26342.0,15906.0,8.1,7,0,0.417,18503.0,Self-employed,Good,0
65,18000.0,9.9,4227.0,12251.0,8.0,5,0,0.671,2415.0,Unemployed,Excellent,0
63,24684.0,3.7,7304.0,1000.0,6.3,7,3,0.072,8973.0,Employed,Excellent,1
29,18000.0,3.5,2898.0,3526.0,16.7,2,1,0.18,13771.0,Employed,Excellent,1
28,18000.0,10.2,500.0,6789.0,6.4,4,1,0.357,2383.0,Employed,Good,1
44,28702.0,7.5,20957.0,8991.0,5.9,0,1,0.516,6066.0,Self-employed,Good,0
23,84149.0,0.0,30347.0,52680.0,5.3,2,0,0.435,23680.0,Employed,Good,0
34,54022.0,1.1,20656.0,17410.0,3.1,4,1,0.251,11283.0,Employed,Excellent,1
40,83392.0,12.0,19149.0,18224.0,9.7,1,0,0.216,73713.0,Employed,Excellent,1
64,,7.6,29623.0,36230.0,4.3,7,1,0.377,35241.0,Employed,Excellent,1
65,72216.0,3.0,35795.0,17095.0,4.7,2,1,0.587,63631.0,Employed,Excellent,1
27,35180.0,5.3,7334.0,6524.0,4.8,1,2,0.579,24608.0,Employed,Average,0
61,66527.0,6.1,33643.0,11556.0,3.1,6,2,0.684,34093.0,Employed,Good,0
25,71032.0,8.9,32045.0,43355.0,0.5,0,2,0.688,31657.0,Employed,Good,0
54,42314.0,0.6,30452.0,10154.0,5.1,2,1,0.757,14337.0,Employed,Average,0
59,67310.0,2.6,21138.0,31177.0,10.5,1,4,0.35,40409.0,Employed,Excellent,1
61,67456.0,7.1,28577.0,35929.0,7.8,5,3,0.4,51107.0,Self-employed,Average,0
31,42910.0,5.6,4930.0,19180.0,13.2,6,1,0.546,20793.0,Employed,Average,1
61,30299.0,8.3,8926.0,21953.0,10.0,1,3,0.362,2031.0,Employed,Average,0
26,28949.0,1.1,18469.0,18299.0,9.1,3,1,0.65,19893.0,Employed,Average,0
44,56903.0,7.4,20967.0,17191.0,14.5,3,1,0.687,4852.0,Self-employed,Excellent,1
42,62194.0,10.4,4876.0,37044.0,6.6,5,1,0.684,36341.0,Self-employed,Good,1
35,,7.9,26407.0,14078.0,7.3,2,2,0.44,16354.0,Employed,Good,0
21,55585.0,6.6,500.0,1445.0,7.0,4,2,0.766,26671.0,Employed,Average,0
55,67552.0,5.6,29736.0,13229.0,13.2,4,2,0.457,38695.0,Self-employed,,1
36,68600.0,2.7,51321.0,38184.0,7.0,0,2,0.116,50267.0,Self-employed,Excellent,1
50,89141.0,5.7,39285.0,13482.0,4.4,4,2,0.595,55620.0,Employed,Poor,0
39,83094.0,11.0,50160.0,34850.0,9.4,4,1,0.721,21937.0,Employed,Good,0
37,32972.0,5.5,13923.0,6333.0,3.7,7,2,0.209,2561.0,Employed,Excellent,1
60,92039.0,2.4,58432.0,37683.0,,4,1,0.172,18908.0,Self-employed,Excellent,1
25,43319.0,4.0,23187.0,4876.0,8.7,7,2,0.377,2024.0,Employed,Good,0
54,77987.0,6.8,39041.0,46285.0,6.2,2,1,0.452,27138.0,Unemployed,Excellent,0
54,56496.0,4.5,11985.0,15845.0,9.3,5,3,0.34,36934.0,Employed,Excellent,1
38,45933.0,7.9,27681.0,9779.0,1.0,7,3,0.359,28049.0,Employed,Poor,0
32,18000.0,8.1,10771.0,10080.0,7.7,1,1,0.439,4802.0,Self-employed,Excellent,1
21,51226.0,9.6,40871.0,18495.0,5.1,4,0,0.169,38799.0,Self-employed,Excellent,1
63,20694.0,11.7,9193.0,8548.0,18.4,7,1,0.244,11653.0,Self-employed,Average,0
63,76281.0,10.0,14010.0,30954.0,7.6,4,5,0.081,59631.0,Employed,Excellent,1
31,88369.0,2.3,55438.0,3562.0,4.6,7,1,0.587,36535.0,Unemployed,Excellent,0
22,37468.0,2.4,7305.0,18953.0,1.5,3,0,0.298,17368.0,Unemployed,Good,1
26,61643.0,5.7,18081.0,19780.0,12.2,7,2,0.694,15766.0,Unemployed,Average,0
24,39041.0,4.2,17450.0,1000.0,5.6,5,2,0.628,0.0,Employed,Good,1
58,41173.0,1.4,,24047.0,3.8,3,1,0.586,9577.0,Self-employed,Average,0
61,72039.0,4.2,15157.0,28766.0,8.3,1,2,0.573,46228.0,Employed,Average,1
27,54152.0,4.1,19921.0,22158.0,9.6,1,0,0.24,39246.0,Employed,Good,1
54,93272.0,3.3,23142.0,27809.0,9.5,2,1,0.541,48157.0,Employed,Good,1
29,44391.0,4.7,10434.0,13290.0,7.1,6,2,0.516,31154.0,Employed,Average,1
37,76985.0,10.7,7226.0,27420.0,7.6,3,1,0.116,1614.0,Unemployed,Excellent,1
47,57143.0,6.8,12298.0,4356.0,7.9,3,2,0.337,38710.0,Employed,Good,1
53,72507.0,15.9,19195.0,16423.0,8.3,3,2,0.158,53284.0,Employed,Excellent,1
60,45163.0,6.7,3011.0,27463.0,8.7,2,0,0.624,19343.0,Self-employed,Excellent,1
23,53910.0,4.8,28634.0,21409.0,11.4,6,0,0.353,22501.0,Employed,Poor,0
29,52459.0,6.0,23121.0,19594.0,7.2,3,2,0.316,2515.0,Employed,Excellent,1
33,36607.0,7.0,500.0,1000.0,3.7,3,1,0.754,0.0,Employed,Good,1
34,69566.0,7.7,14590.0,33863.0,6.4,4,1,0.311,6566.0,Employed,Excellent,1
65,69305.0,14.3,45564.0,12648.0,10.0,5,2,0.488,46993.0,Employed,Good,0
55,68058.0,2.6,31393.0,11499.0,0.5,2,1,0.557,48786.0,Self-employed,Average,0
35,88813.0,9.4,36788.0,7584.0,0.5,0,1,0.293,22203.0,Employed,Good,1
64,86886.0,6.8,34963.0,40613.0,10.7,5,1,0.622,73221.0,Employed,Average,1
43,,0.0,9480.0,20011.0,13.1,4,0,0.511,34917.0,Employed,Good,1
43,63207.0,9.1,38952.0,9553.0,1.9,5,3,0.558,36618.0,Self-employed,Poor,0
40,41281.0,11.1,32893.0,6076.0,7.4,4,0,0.413,46955.0,Employed,Average,0
27,55514.0,2.6,35803.0,19746.0,5.4,4,2,0.13,45680.0,Self-employed,Excellent,1
63,41806.0,6.0,8082.0,14710.0,6.0,7,2,0.521,0.0,Employed,Average,0
21,90642.0,0.0,19891.0,44941.0,8.2,0,2,0.422,80197.0,Employed,Excellent,1
28,63001.0,1.0,15909.0,5677.0,1.8,0,2,0.382,22475.0,Employed,Good,1
31,50203.0,10.2,14876.0,24121.0,2.6,7,1,0.106,0.0,Employed,Excellent,1
33,81260.0,4.1,20164.0,49671.0,5.8,7,4,0.388,26371.0,Employed,Good,0
26,18000.0,1.6,8419.0,6041.0,6.4,3,1,0.335,18775.0,Employed,Poor,0
21,18000.0,6.9,5328.0,12453.0,2.5,4,0,0.245,11484.0,Self-employed,Average,0
51,72508.0,3.9,49287.0,31744.0,10.2,3,1,0.322,26575.0,Employed,Good,0
64,56330.0,4.1,4744.0,15986.0,5.3,7,0,0.506,31059.0,Employed,Poor,0
26,60510.0,9.0,700.0,2133.0,5.3,3,1,0.564,14042.0,Employed,Good,1
34,25819.0,1.4,18098.0,7822.0,8.1,6,3,0.141,19170.0,Employed,Excellent,0
43,54489.0,2.4,28136.0,35379.0,6.5,2,3,0.387,4492.0,Self-employed,Average,0
62,99077.0,6.6,27784.0,27337.0,10.3,3,0,0.553,51986.0,Unemployed,Excellent,1
52,73132.0,9.9,28797.0,41406.0,3.3,5,1,0.787,33076.0,Self-employed,Average,0
55,58734.0,11.0,12438.0,17729.0,1.4,3,5,0.274,7128.0,Employed,Excellent,1
47,45341.0,3.3,6887.0,12326.0,5.8,0,1,0.435,44535.0,Self-employed,Good,1
39,46319.0,9.7,16306.0,6090.0,7.2,1,3,0.16,40176.0,Self-employed,Good,1
29,18000.0,2.9,6145.0,5842.0,2.0,6,2,0.53,7871.0,Employed,Good,1
59,60668.0,13.3,32153.0,1000.0,1.4,2,2,0.648,43599.0,Employed,Excellent,1
57,73601.0,1.5,17726.0,31001.0,7.7,0,0,0.63,56786.0,Employed,,1
22,20336.0,11.3,12665.0,1386.0,4.0,7,1,0.603,11682.0,Self-employed,Excellent,1
53,40449.0,3.4,22773.0,10683.0,1.2,7,3,0.419,0.0,Employed,Average,0
24,29536.0,14.1,2654.0,16738.0,10.9,3,0,0.396,23087.0,Employed,Good,1
54,33762.0,8.4,500.0,1485.0,4.5,5,1,0.505,17173.0,Employed,Excellent,1
58,56177.0,1.9,17723.0,11829.0,11.6,6,2,0.587,29644.0,Employed,Excellent,1
26,18000.0,3.9,10731.0,7289.0,7.1,0,2,0.522,20887.0,Employed,Good,0
40,68514.0,9.1,31492.0,1000.0,8.2,2,0,0.726,57655.0,Employed,Good,1
26,71585.0,10.2,39134.0,16715.0,6.2,4,5,0.64,11966.0,Employed,Good,0
46,49476.0,5.7,12564.0,13285.0,0.5,4,1,0.53,13765.0,Employed,,1
62,18000.0,6.2,500.0,6067.0,2.5,2,3,0.646,2171.0,Unemployed,Poor,0
24,33079.0,9.0,17245.0,13561.0,6.5,0,1,0.194,11814.0,Employed,Good,0
38,82124.0,6.5,13957.0,16385.0,8.5,7,2,0.602,51465.0,Employed,Good,1
64,18000.0,0.8,6702.0,1000.0,0.5,4,0,0.533,7219.0,Employed,Average,0
34,47354.0,2.7,4521.0,22300.0,6.8,6,2,0.712,27741.0,Employed,Good,0
26,29040.0,6.9,9065.0,7633.0,2.5,3,2,0.405,16119.0,Self-employed,Excellent,0
42,72701.0,10.9,34913.0,51929.0,7.9,4,0,0.332,22129.0,Unemployed,Good,0
43,40147.0,12.5,14073.0,25632.0,6.9,3,4,0.658,14191.0,Employed,Good,0
50,63887.0,9.1,,4482.0,10.0,3,3,0.204,55239.0,Employed,Average,1
35,67440.0,7.1,28309.0,17107.0,11.3,5,1,0.311,11290.0,Employed,Good,1
64,95397.0,9.0,58929.0,15526.0,8.8,7,3,0.612,64794.0,Employed,Average,0
44,50535.0,3.3,40106.0,9712.0,10.4,6,0,0.396,0.0,Employed,Good,0
33,63273.0,5.4,51877.0,21897.0,5.6,5,3,0.444,28196.0,Employed,Average,0
64,22329.0,2.7,500.0,4260.0,18.3,0,1,0.744,5360.0,Employed,Excellent,1
62,81189.0,1.0,39758.0,19069.0,2.1,4,2,0.462,51716.0,Employed,Average,0
43,38269.0,7.3,15357.0,9092.0,4.9,7,2,0.507,10938.0,Unemployed,Excellent,1
22,42663.0,6.7,14061.0,14106.0,10.6,3,0,0.338,29204.0,Employed,Good,1
47,54511.0,8.8,13343.0,35452.0,10.0,4,2,0.074,38459.0,Self-employed,Good,1
45,20617.0,8.2,12822.0,15303.0,8.9,2,1,0.055,16741.0,Self-employed,Poor,0
27,60033.0,7.0,3624.0,9280.0,9.7,1,2,0.63,19656.0,Employed,Good,1
49,76284.0,8.2,569.0,34799.0,0.5,5,1,0.248,25345.0,Unemployed,Excellent,1
58,61445.0,5.8,39014.0,17065.0,13.4,2,1,0.108,36697.0,Employed,Poor,0
25,20044.0,7.7,3713.0,9970.0,6.2,4,1,0.376,9974.0,Employed,Average,0
53,52276.0,3.1,17083.0,25563.0,12.0,4,2,0.63,32197.0,Employed,Average,0
27,71325.0,7.5,27686.0,43476.0,0.5,6,1,0.35,24711.0,Employed,Good,0
54,18000.0,8.7,11368.0,4242.0,8.0,7,1,0.407,5673.0,Employed,Good,1
39,31355.0,3.3,18658.0,6526.0,4.7,4,4,0.805,5708.0,Employed,Poor,0
21,74284.0,6.2,13050.0,46930.0,9.3,0,1,0.194,29755.0,Self-employed,Excellent,1
64,60942.0,3.5,39189.0,9297.0,8.3,4,2,0.154,46912.0,Self-employed,Average,0
28,64063.0,3.9,39611.0,7918.0,8.5,7,3,0.514,42440.0,Employed,Good,1
47,95909.0,1.5,28049.0,50832.0,2.8,3,2,0.236,87194.0,Employed,Poor,0
29,65308.0,11.1,12476.0,25514.0,6.8,4,1,0.121,40930.0,Employed,Good,1
62,69474.0,10.3,12779.0,31604.0,6.3,6,2,0.589,16586.0,Unemployed,Good,0
54,114636.0,8.1,32129.0,58842.0,9.0,3,4,0.403,65955.0,Employed,Average,0
57,50296.0,13.9,9572.0,18649.0,11.0,3,2,0.574,47252.0,Self-employed,Poor,0
40,37447.0,5.2,26983.0,7274.0,7.6,3,1,0.295,25207.0,Employed,Poor,0
42,64412.0,18.1,6687.0,24191.0,1.9,6,3,0.158,21652.0,Employed,Good,1
49,64658.0,5.1,44105.0,32122.0,7.4,3,4,0.18,35124.0,Employed,Good,0
56,43412.0,7.0,2661.0,31186.0,17.4,2,0,0.661,0.0,Employed,Average,1
59,32287.0,4.4,29742.0,9919.0,13.6,4,0,0.516,12700.0,Employed,Good,0
21,105817.0,7.5,29278.0,15392.0,0.5,5,2,0.465,19370.0,Self-employed,Excellent,1
50,62191.0,9.3,20474.0,33588.0,7.3,7,1,0.407,24984.0,Employed,Excellent,1
25,38890.0,5.5,18906.0,7354.0,10.7,7,2,0.195,27253.0,Employed,Excellent,1
33,75150.0,13.1,5157.0,12195.0,6.3,6,0,0.453,14185.0,Employed,Excellent,1
58,52599.0,7.0,35199.0,31481.0,5.2,6,2,0.881,9740.0,Employed,Good,0
32,49437.0,7.1,9985.0,14857.0,5.9,3,2,0.253,40398.0,Employed,Poor,0
56,67370.0,2.4,24923.0,11671.0,9.2,2,3,0.737,57301.0,Self-employed,Average,0
41,26579.0,7.7,10398.0,3495.0,2.4,4,0,0.6,5573.0,Unemployed,Excellent,1
31,62758.0,5.5,27749.0,4273.0,11.8,5,3,0.689,22295.0,Employed,Good,1
36,97085.0,3.6,7324.0,46024.0,6.8,4,0,0.85,41650.0,Employed,Good,1
44,65256.0,2.9,14764.0,23937.0,3.3,1,1,0.241,36142.0,Employed,Average,0
55,46723.0,16.7,4467.0,5592.0,11.5,0,4,0.161,27054.0,Employed,Average,1
48,43844.0,4.9,18402.0,13481.0,0.8,0,1,0.545,2819.0,,Excellent,1
62,,0.2,1662.0,8404.0,4.8,3,2,0.567,45055.0,Employed,Poor,0
60,49413.0,3.2,40821.0,3688.0,4.7,6,0,0.215,24124.0,Employed,Excellent,1
54,46688.0,5.8,15033.0,12290.0,15.6,6,3,0.671,31871.0,Unemployed,Average,0
48,75159.0,8.2,36561.0,26796.0,4.3,6,5,0.516,8529.0,Unemployed,Poor,0
34,18000.0,8.2,3444.0,1653.0,0.5,5,4,0.547,14182.0,Employed,Average,0
39,73964.0,8.7,16626.0,17087.0,4.7,0,2,0.18,35306.0,Unemployed,Excellent,1
26,46647.0,3.4,21968.0,19667.0,8.8,7,1,0.708,20636.0,Self-employed,Excellent,0
37,63293.0,7.4,22204.0,18134.0,10.1,7,2,0.849,24805.0,Employed,Excellent,1
62,30206.0,2.5,13539.0,8645.0,16.1,6,1,0.429,5906.0,Self-employed,Excellent,1
40,84230.0,3.5,29287.0,12418.0,12.6,3,6,0.453,16136.0,Unemployed,Excellent,1
26,82404.0,2.3,34029.0,3288.0,7.8,1,0,0.398,160.0,Employed,Excellent,1
50,76111.0,1.2,53119.0,9574.0,3.4,7,1,0.548,23291.0,Self-employed,Good,0
64,21675.0,10.3,506.0,14088.0,13.5,1,4,0.087,6828.0,Employed,Excellent,1
60,73241.0,8.8,24095.0,8233.0,5.5,6,1,0.405,42054.0,Employed,Good,1
33,63907.0,9.9,8133.0,30340.0,4.4,7,1,0.628,45597.0,Self-employed,Average,1
41,19684.0,6.2,6805.0,7376.0,5.3,7,2,0.262,8913.0,Employed,Excellent,1
44,54465.0,9.1,22424.0,1400.0,2.0,4,1,0.693,6341.0,Employed,Good,0
32,63020.0,0.0,10662.0,8703.0,5.1,6,0,0.877,32106.0,Employed,Average,0
33,67234.0,9.5,36786.0,11789.0,6.1,6,0,0.71,36637.0,Self-employed,Good,0
31,58900.0,6.7,24613.0,9421.0,9.9,7,1,0.432,42644.0,Self-employed,Good,1
65,61407.0,8.5,2947.0,24377.0,5.4,2,3,0.548,24756.0,Employed,Average,1
54,87419.0,7.5,55881.0,5367.0,1.9,5,0,0.301,79194.0,Employed,Good,1
58,81973.0,2.1,29671.0,42210.0,0.6,6,1,0.918,70401.0,Employed,Good,0
57,18000.0,0.0,1508.0,8190.0,,1,1,0.154,10721.0,Employed,Average,1
64,48016.0,3.2,20834.0,26244.0,7.3,1,2,0.812,25265.0,Employed,Average,0
25,51378.0,8.3,35426.0,29199.0,4.8,3,2,0.683,24724.0,Unemployed,Good,0
60,18000.0,8.8,11885.0,5458.0,5.1,2,1,0.237,19894.0,Employed,Good,0
23,57072.0,0.5,12415.0,35154.0,8.6,6,0,0.615,42630.0,Employed,Average,0
42,82473.0,2.1,51606.0,55169.0,12.6,7,1,0.424,64625.0,Self-employed,Good,0
47,31096.0,3.1,,6913.0,3.9,1,1,0.402,38730.0,Employed,Average,0
37,62401.0,4.6,17711.0,3860.0,7.4,2,4,0.37,52261.0,Employed,Excellent,1
27,34852.0,0.6,20533.0,6516.0,10.8,7,1,0.378,28470.0,Employed,Excellent,1
29,40218.0,0.3,20036.0,6557.0,,4,2,0.533,16743.0,Employed,Good,0
58,87503.0,2.7,49306.0,34572.0,6.9,1,2,0.769,56950.0,Self-employed,Average,0
35,43064.0,6.3,28691.0,16337.0,6.8,4,3,0.093,25930.0,Employed,Good,0
34,65169.0,1.3,45059.0,17299.0,1.8,7,2,0.178,52364.0,Self-employed,Poor,0
62,18000.0,5.5,9383.0,7052.0,7.7,2,1,0.122,4533.0,Employed,Average,0
27,95971.0,10.2,38622.0,19325.0,7.1,3,0,0.658,46761.0,Employed,Average,0
62,68258.0,0.8,12013.0,28207.0,9.2,4,0,0.456,58943.0,Employed,Average,1
62,50985.0,5.2,9256.0,10954.0,2.3,6,1,0.215,12720.0,Self-employed,Good,1
47,67662.0,10.1,29371.0,33746.0,7.0,4,2,0.396,2845.0,Unemployed,Good,0
28,23984.0,4.3,20979.0,5460.0,12.5,7,1,0.526,17817.0,Employed,Excellent,1
28,81016.0,3.7,31702.0,6156.0,15.3,6,3,0.213,31265.0,Employed,Good,1
33,47872.0,10.7,9233.0,20787.0,12.1,3,1,0.431,7299.0,Employed,Excellent,1
46,50510.0,4.8,,5393.0,2.3,3,4,0.491,37294.0,Employed,Average,0
27,44184.0,10.4,20625.0,20507.0,8.8,5,2,0.051,32502.0,Unemployed,Average,0
41,42226.0,7.7,26780.0,20430.0,5.1,0,0,0.595,14625.0,Employed,Excellent,0
26,70283.0,4.6,10487.0,16927.0,8.1,1,1,0.733,23678.0,Employed,Good,1
45,60630.0,7.9,31796.0,25334.0,3.9,1,2,0.557,27556.0,Employed,Average,0
21,69338.0,7.3,39457.0,43486.0,0.5,6,2,0.377,48508.0,Employed,Average,0
52,54807.0,10.1,35458.0,28614.0,5.6,6,1,0.408,24973.0,Self-employed,Poor,0
23,66290.0,3.8,11129.0,27351.0,9.9,6,1,0.286,30806.0,Employed,Excellent,1
29,45785.0,6.2,31724.0,23549.0,8.2,0,0,0.552,32467.0,Unemployed,Excellent,0
28,104054.0,5.8,50968.0,30921.0,8.6,2,1,0.637,85970.0,Employed,Average,0
58,20506.0,8.8,10215.0,9514.0,7.9,2,1,0.266,12215.0,Self-employed,Excellent,1
23,82741.0,1.9,2415.0,48205.0,8.6,0,2,0.454,40002.0,Employed,Average,1
40,85094.0,10.1,41344.0,15333.0,9.1,2,1,0.385,61184.0,Employed,Excellent,1
47,36253.0,7.9,23800.0,10785.0,5.9,3,1,0.634,6593.0,Employed,Good,0
44,104044.0,0.7,31084.0,17907.0,7.3,7,2,0.586,79323.0,Employed,Good,1
51,76901.0,10.8,25530.0,16075.0,14.0,1,3,0.468,24622.0,Unemployed,Average,0
57,76365.0,14.9,32247.0,20551.0,7.6,6,2,0.223,10232.0,Self-employed,Excellent,1
38,55616.0,10.0,29821.0,6580.0,7.2,6,0,0.277,12052.0,Employed,Average,0
58,50221.0,11.7,2567.0,19864.0,7.4,1,0,0.405,0.0,Employed,Average,1
35,50393.0,6.3,15492.0,8501.0,6.1,2,2,0.543,36674.0,Employed,Average,1
65,63592.0,0.0,20187.0,15370.0,5.3,3,2,0.739,34092.0,Employed,Poor,0
43,85826.0,0.0,59174.0,37669.0,7.8,7,2,0.844,65550.0,Employed,Average,0
54,58989.0,7.0,50348.0,19987.0,5.0,6,1,0.221,37069.0,Employed,Average,0
60,34948.0,3.6,3484.0,11074.0,6.4,7,0,0.742,13257.0,Employed,Good,0
56,73137.0,2.3,14698.0,36666.0,3.8,2,3,0.449,55036.0,Self-employed,Average,0
59,75265.0,5.7,23612.0,45745.0,7.4,7,7,0.864,66388.0,Employed,Poor,0
45,69403.0,8.5,26799.0,28436.0,9.3,7,3,0.361,24384.0,Self-employed,Good,1
22,71401.0,0.2,46222.0,6669.0,6.2,4,1,0.057,51169.0,Unemployed,Excellent,1
43,49040.0,4.2,14946.0,1000.0,0.5,1,1,0.377,40764.0,Employed,Excellent,1
29,34562.0,12.0,7398.0,24777.0,9.4,2,1,0.584,9821.0,Employed,Average,0
61,35900.0,1.7,500.0,14745.0,7.5,1,0,0.107,2394.0,Employed,Poor,0
31,19020.0,9.5,3599.0,15111.0,3.0,6,2,0.716,7202.0,Employed,Excellent,1
31,60213.0,4.1,33595.0,22514.0,10.1,2,1,0.357,44809.0,Employed,Poor,0
32,53164.0,8.2,32014.0,7755.0,1.4,5,2,0.658,26738.0,Employed,Good,0
49,45320.0,10.4,24745.0,12008.0,11.2,2,3,0.41,28003.0,Employed,Good,0
46,18000.0,9.0,4793.0,6105.0,6.8,7,5,0.682,9147.0,Employed,Poor,0
63,27559.0,9.6,14691.0,14000.0,0.5,6,2,0.566,4408.0,Self-employed,Poor,0
39,79658.0,1.4,28593.0,21523.0,7.7,3,0,0.412,72165.0,Employed,Good,1
33,40378.0,10.5,24155.0,16959.0,5.4,3,1,0.391,23552.0,Self-employed,Poor,0
23,62933.0,2.6,38193.0,6308.0,4.8,0,2,0.696,52029.0,Employed,Average,0
21,24405.0,7.0,2429.0,8852.0,4.0,1,2,0.428,7708.0,Employed,Average,0
37,86652.0,7.0,55993.0,11420.0,6.5,7,0,0.385,29367.0,Employed,Average,0
62,51831.0,7.9,6816.0,23311.0,5.1,6,1,0.436,18310.0,Self-employed,Good,1
44,61381.0,7.3,28868.0,9363.0,0.5,6,1,0.218,22830.0,Employed,Excellent,1
61,106167.0,2.6,14823.0,43767.0,12.1,5,1,0.145,12941.0,Employed,Excellent,1
25,88362.0,0.6,32231.0,31418.0,6.0,1,1,0.806,32280.0,Employed,Excellent,1
25,48256.0,9.5,11177.0,11601.0,4.1,0,0,0.143,33558.0,Employed,Excellent,1
58,41949.0,6.7,1047.0,26304.0,2.5,5,0,0.477,36856.0,Employed,Excellent,1
25,47838.0,10.6,2777.0,33484.0,10.1,2,4,0.769,11637.0,Employed,Good,0
23,66218.0,5.8,26048.0,30653.0,1.8,0,1,0.205,4381.0,Employed,Good,1
39,52685.0,0.4,22982.0,10286.0,7.5,0,1,0.583,26105.0,Employed,Excellent,1
62,46305.0,9.9,18609.0,20005.0,4.7,4,2,0.447,27614.0,Employed,Good,0
52,87278.0,4.5,16538.0,34173.0,4.9,6,0,0.365,48958.0,Employed,Excellent,1
25,52487.0,7.4,45122.0,17018.0,2.6,2,2,0.445,40617.0,Employed,Excellent,0
58,105591.0,3.4,72814.0,41415.0,4.5,7,0,0.156,22754.0,Employed,Average,0
58,56996.0,12.6,12065.0,23530.0,7.0,3,3,0.173,20465.0,Employed,Average,0
57,94277.0,2.5,31616.0,11956.0,7.9,5,1,0.253,79830.0,Employed,Average,1
61,62861.0,4.7,34140.0,24138.0,3.9,1,1,0.24,37906.0,Employed,Average,1
31,76185.0,6.4,45610.0,11875.0,6.6,4,0,0.484,32338.0,Employed,Poor,0
65,39059.0,1.6,10160.0,9918.0,10.6,2,5,0.062,29653.0,Employed,Average,0
35,36217.0,7.3,25098.0,1960.0,0.5,6,1,0.38,21370.0,Employed,Excellent,0
57,65114.0,12.4,5878.0,6761.0,7.0,3,1,0.595,15104.0,Self-employed,Excellent,1
47,76748.0,4.0,24775.0,37708.0,3.2,0,3,0.406,14540.0,Employed,Good,0
56,55886.0,7.6,29260.0,28886.0,2.8,1,1,0.126,38515.0,Employed,Good,1
49,26699.0,0.0,14427.0,3929.0,8.0,2,0,0.878,22219.0,Employed,Average,0
49,25074.0,5.8,14100.0,14077.0,4.8,3,3,0.648,6166.0,Employed,Excellent,0
48,23603.0,4.7,2154.0,10643.0,2.1,2,1,0.256,6366.0,Self-employed,Poor,0
56,18000.0,2.7,500.0,13598.0,12.3,4,0,0.251,7379.0,Unemployed,Good,0
54,57409.0,10.3,5809.0,26468.0,10.7,7,2,0.11,7299.0,Employed,Poor,0
27,79751.0,4.7,14889.0,45981.0,0.5,5,3,0.511,54084.0,Employed,Good,0
58,54705.0,5.3,739.0,20027.0,1.1,2,0,0.707,15595.0,Employed,Excellent,1
45,18000.0,4.5,7033.0,18137.0,9.4,5,2,0.477,13114.0,Employed,Good,0
35,50803.0,0.0,21864.0,38105.0,5.9,7,0,0.415,31122.0,Employed,Excellent,1
44,51418.0,1.5,23785.0,10655.0,13.0,1,2,0.157,13957.0,Employed,Good,1
64,101112.0,9.8,31784.0,55078.0,9.5,1,0,0.732,58613.0,Employed,Average,0
59,22943.0,0.0,500.0,6315.0,,0,0,0.648,19599.0,Employed,Good,1
58,46405.0,2.9,33594.0,24194.0,2.9,6,1,0.412,25000.0,Employed,Excellent,1
41,92529.0,4.4,12379.0,54953.0,9.0,6,1,0.11,29720.0,Employed,Good,1
56,64900.0,13.0,43687.0,20969.0,1.9,3,1,0.081,54322.0,Self-employed,Good,1
38,67393.0,9.1,9127.0,22734.0,12.2,6,2,0.722,45335.0,Employed,Excellent,1
51,57521.0,3.8,16318.0,24275.0,8.7,5,3,0.528,40364.0,Self-employed,Excellent,1
49,62259.0,11.2,31884.0,32620.0,3.7,7,1,0.412,20112.0,Employed,Average,0
32,72107.0,3.0,30905.0,39214.0,10.2,7,0,0.479,43297.0,Employed,Excellent,1
32,37191.0,10.0,12185.0,23283.0,16.0,7,0,0.197,27891.0,Employed,Poor,0
23,74317.0,0.6,38228.0,34105.0,6.1,3,0,0.357,27922.0,Employed,Excellent,1
27,24794.0,10.3,4187.0,17083.0,9.2,5,2,0.16,4625.0,Self-employed,Average,0
40,62224.0,4.4,36191.0,11105.0,5.3,1,2,0.49,28558.0,Unemployed,Average,0
42,58932.0,1.9,34710.0,36791.0,7.3,7,1,0.536,36500.0,Employed,Excellent,1
28,41442.0,5.1,31932.0,6449.0,1.0,2,4,0.178,5740.0,Employed,Average,0
39,54501.0,7.1,19685.0,15398.0,7.0,3,4,0.02,47102.0,Employed,Good,1
48,41304.0,4.0,13416.0,1000.0,7.2,4,0,0.467,13180.0,Self-employed,Good,1
31,31423.0,8.2,16062.0,11335.0,14.2,6,0,0.448,22838.0,Employed,Average,1
36,47220.0,3.7,25838.0,8362.0,0.5,5,3,0.354,6876.0,Self-employed,Poor,0
37,30712.0,8.5,6653.0,1615.0,5.9,7,1,0.586,21713.0,,Excellent,1
43,62102.0,7.8,17686.0,25944.0,12.2,5,3,0.55,23562.0,Employed,Average,0
37,29698.0,5.8,1862.0,19098.0,6.0,6,1,0.328,14393.0,Employed,Excellent,1
54,70663.0,4.2,29217.0,11417.0,6.3,4,0,0.343,55718.0,Self-employed,Excellent,1
35,29007.0,6.6,4666.0,17139.0,3.7,3,1,0.434,2805.0,Employed,Excellent,1
40,42542.0,8.2,1403.0,7753.0,3.3,7,1,0.563,12963.0,Employed,Good,1
38,41259.0,14.2,6097.0,3589.0,0.5,3,2,0.484,7222.0,Employed,Average,0
29,84153.0,9.8,57788.0,12116.0,4.5,4,2,0.196,38820.0,Employed,Good,1
51,62266.0,9.9,500.0,28048.0,3.0,2,0,0.135,42070.0,Employed,Poor,0
31,50342.0,18.4,500.0,30218.0,7.5,3,2,0.499,1094.0,Self-employed,Average,0
34,65972.0,8.1,29224.0,26462.0,3.8,2,0,0.404,57003.0,Employed,Excellent,1
56,18000.0,7.9,8909.0,3875.0,5.1,2,3,0.403,7866.0,Unemployed,Excellent,1
63,54051.0,8.8,46676.0,15872.0,5.2,6,2,0.082,46954.0,Employed,Good,0
51,98945.0,2.0,67973.0,51139.0,6.8,6,2,0.489,26578.0,Self-employed,Good,0
62,57912.0,4.2,14133.0,28644.0,4.9,5,1,0.225,45458.0,Self-employed,Excellent,1
59,56494.0,4.0,18892.0,22360.0,2.8,0,2,0.706,29328.0,Employed,Excellent,0
42,67059.0,8.6,21007.0,11475.0,7.3,1,1,0.269,57292.0,Unemployed,Good,1
55,74703.0,5.3,1687.0,7579.0,11.3,1,1,0.163,44524.0,Employed,Good,1
35,18000.0,6.6,11184.0,3469.0,7.5,5,2,0.668,6798.0,Employed,Average,0
41,18000.0,10.3,11404.0,10407.0,4.6,7,2,0.1,16194.0,Employed,Average,0
45,59626.0,9.5,9167.0,5675.0,6.5,3,4,0.191,18316.0,Employed,Poor,0
64,39273.0,5.4,17339.0,19186.0,0.5,2,1,0.816,6746.0,Employed,Average,0
59,83865.0,3.3,4811.0,49655.0,6.4,4,1,0.347,37793.0,Self-employed,Good,1
43,48066.0,10.5,12052.0,10105.0,5.4,7,2,0.658,34789.0,Unemployed,Good,0
50,18000.0,9.1,7260.0,5307.0,3.3,2,2,0.082,10553.0,Employed,Excellent,1
30,27104.0,0.0,8590.0,9008.0,4.0,2,0,0.255,5904.0,Self-employed,Poor,0
57,18000.0,4.7,4559.0,8742.0,5.4,4,0,0.296,10006.0,Self-employed,Good,1
45,49849.0,6.7,500.0,28015.0,11.0,7,1,0.318,21734.0,Self-employed,Excellent,1
44,50856.0,9.1,10000.0,24300.0,11.4,5,2,0.398,8845.0,Employed,Average,1
55,45662.0,9.6,4053.0,1785.0,3.3,4,2,0.661,8321.0,Employed,Good,1
49,78735.0,7.1,52390.0,19908.0,4.9,5,2,0.081,11968.0,Employed,Poor,0
24,81367.0,8.3,55791.0,6129.0,5.0,0,0,0.07,39998.0,Self-employed,Excellent,1
33,51251.0,6.3,21761.0,12232.0,10.2,6,4,0.299,10853.0,Employed,Good,1
28,18000.0,3.3,5199.0,3046.0,7.6,0,1,0.315,6836.0,Self-employed,Poor,0
54,68580.0,5.0,37088.0,26750.0,7.4,3,0,0.876,20423.0,Unemployed,Good,0
22,67218.0,6.1,28010.0,23907.0,9.1,2,0,0.863,47895.0,Employed,Good,1
30,61807.0,5.9,14096.0,37700.0,4.6,5,2,0.241,35490.0,Self-employed,Good,1
47,76593.0,0.0,6100.0,10581.0,12.5,1,3,0.055,35398.0,Employed,,1
52,29374.0,4.4,8521.0,9071.0,7.0,1,3,0.369,17102.0,Employed,Excellent,1
43,99193.0,6.2,44183.0,1801.0,3.6,7,0,0.051,20577.0,Employed,Good,1
59,33893.0,4.9,5470.0,5113.0,6.1,3,1,0.17,28559.0,Unemployed,Good,1
62,71483.0,5.0,,43983.0,11.9,5,1,0.368,9859.0,Self-employed,Excellent,1
26,18000.0,8.0,3832.0,7639.0,5.3,4,2,0.824,0.0,Self-employed,Good,0
63,34534.0,1.7,11224.0,2756.0,10.8,4,0,0.542,14391.0,Employed,Good,1
48,88360.0,0.0,31404.0,32946.0,4.5,5,1,0.414,4175.0,Employed,Average,0
49,49260.0,4.6,24083.0,27147.0,3.9,5,1,0.576,20222.0,Self-employed,,0
25,73478.0,9.1,30524.0,44933.0,9.6,7,2,0.348,51969.0,Unemployed,Good,1
48,60213.0,12.8,10998.0,23071.0,3.5,6,3,0.654,26525.0,Unemployed,Excellent,1
53,52691.0,9.1,2309.0,4361.0,10.3,2,6,0.103,4187.0,Self-employed,Good,1
47,85005.0,0.1,53009.0,28920.0,8.4,1,3,0.505,56372.0,Self-employed,Excellent,1
24,49794.0,5.1,23173.0,6216.0,3.5,6,2,0.577,20441.0,Employed,Poor,0
44,18000.0,7.0,500.0,1000.0,6.7,2,0,0.36,8684.0,Self-employed,Excellent,1
63,37329.0,6.7,7113.0,18509.0,4.8,2,1,0.395,11943.0,Employed,Average,0
53,67126.0,8.2,35610.0,35522.0,8.4,0,2,0.492,59767.0,Self-employed,Good,0
27,63701.0,2.3,40471.0,8188.0,14.6,4,0,0.121,35382.0,Employed,Average,1
64,20525.0,6.3,13240.0,15353.0,5.5,4,0,0.841,1766.0,Unemployed,Average,0
64,39064.0,7.7,15016.0,20116.0,9.1,6,1,0.219,11483.0,Employed,Average,0
28,42202.0,9.3,14972.0,19379.0,7.1,5,3,0.694,20961.0,Employed,Good,0
57,46960.0,2.8,11558.0,12885.0,7.1,5,0,0.53,10999.0,Employed,Good,1
39,24730.0,4.6,500.0,8706.0,6.3,4,2,0.098,16025.0,Employed,Average,1
47,41176.0,0.0,14976.0,14129.0,3.6,6,2,0.185,17425.0,Self-employed,Excellent,1
41,38971.0,3.5,13642.0,8620.0,8.3,7,0,0.205,6418.0,Self-employed,Good,1
56,71974.0,3.9,16830.0,19116.0,5.8,6,1,0.306,17924.0,Employed,Average,1
65,72801.0,1.9,45842.0,18610.0,3.4,2,3,0.314,56660.0,Employed,Good,0
56,51792.0,6.7,17813.0,7682.0,11.1,2,0,0.787,13761.0,Self-employed,Good,1
62,46375.0,5.8,588.0,6664.0,7.4,0,1,0.318,26967.0,Unemployed,Average,1
63,58078.0,0.0,19272.0,35347.0,6.1,7,3,0.222,54556.0,Self-employed,Excellent,1
25,37035.0,6.9,20298.0,21095.0,12.4,5,1,0.182,4396.0,Employed,Average,0
32,29770.0,2.3,20754.0,11682.0,0.5,7,1,0.665,16428.0,Self-employed,Average,0
53,34315.0,7.9,13707.0,22308.0,12.1,6,2,0.134,21807.0,Employed,Excellent,1
47,41034.0,0.9,38833.0,6314.0,3.5,3,1,0.725,10757.0,Unemployed,Excellent,0
23,29404.0,6.1,22007.0,7504.0,7.8,1,1,0.758,11654.0,Employed,Poor,0
25,58565.0,4.9,34387.0,26884.0,4.6,0,1,0.298,50159.0,Employed,Excellent,1
44,71054.0,7.2,49053.0,28248.0,3.3,6,2,0.605,14930.0,Employed,Poor,0
48,20084.0,6.5,14926.0,1937.0,12.3,2,3,0.427,8960.0,Self-employed,Good,0
28,55553.0,5.0,25676.0,18448.0,14.4,3,1,0.15,21324.0,Employed,Good,1
28,50161.0,0.0,19410.0,18546.0,6.1,6,2,0.465,50759.0,Self-employed,Average,1
26,,0.1,33671.0,27468.0,8.3,3,1,0.585,35052.0,Employed,Good,0
46,54715.0,3.7,7877.0,15640.0,7.2,7,1,0.565,12028.0,Self-employed,Good,1
21,23021.0,6.0,11606.0,4351.0,13.9,4,0,0.437,10008.0,Employed,Good,1
46,27227.0,3.6,14395.0,2283.0,0.5,6,2,0.077,1742.0,Employed,Good,1
42,55647.0,8.5,20188.0,26706.0,8.5,1,4,0.085,37307.0,Self-employed,Excellent,1
41,77633.0,4.9,51782.0,14503.0,4.1,3,1,0.364,69577.0,Employed,Average,0
51,18000.0,2.1,4867.0,14208.0,0.5,1,2,0.581,19722.0,Employed,Good,0
44,62606.0,4.9,16066.0,36051.0,5.6,0,2,0.227,40229.0,Employed,Average,0
53,81172.0,6.9,10318.0,22603.0,14.4,7,2,0.473,54126.0,Self-employed,Good,1
55,51633.0,7.3,27035.0,27213.0,4.4,4,1,0.314,39268.0,Employed,Good,0
62,67104.0,13.5,24022.0,3794.0,10.2,2,2,0.286,46066.0,Employed,Excellent,1
56,39532.0,3.3,9556.0,6097.0,11.8,3,4,0.405,0.0,Employed,Poor,0
44,52374.0,5.7,,15806.0,6.9,1,2,0.582,45094.0,Self-employed,Good,0
43,19340.0,7.7,6284.0,8475.0,7.5,0,0,0.172,9447.0,Employed,Poor,0
31,18000.0,5.9,944.0,7240.0,0.5,7,3,0.215,4405.0,Employed,Average,0
47,75741.0,4.0,52777.0,46404.0,4.1,0,1,0.664,20321.0,Employed,Average,0
27,33330.0,0.0,17718.0,8659.0,10.6,3,1,0.126,392.0,Employed,Good,1
62,44978.0,4.0,27012.0,19101.0,7.2,1,0,0.512,11584.0,Employed,Excellent,0
59,24498.0,1.7,16995.0,3780.0,8.5,7,0,0.248,0.0,Employed,Good,0
26,23981.0,0.0,16090.0,7002.0,7.5,1,1,0.143,5446.0,Employed,Average,0
56,51176.0,2.8,8304.0,6012.0,15.8,3,2,0.4,16516.0,Employed,Good,1
26,38949.0,1.8,6908.0,22176.0,5.3,6,3,0.67,11636.0,Employed,Excellent,0
53,63315.0,8.3,6498.0,32946.0,13.4,4,1,0.172,21063.0,Employed,Good,1
24,64956.0,8.4,28075.0,42940.0,7.5,3,1,0.576,65450.0,Self-employed,Excellent,1
42,62059.0,2.4,26425.0,13750.0,13.8,4,1,0.19,27050.0,Employed,Good,1
50,60249.0,5.0,25537.0,4307.0,2.1,3,2,0.548,22622.0,Self-employed,Good,1
53,89711.0,0.0,23307.0,31846.0,7.7,2,0,0.457,48280.0,Employed,Excellent,1
39,31513.0,4.0,3285.0,23669.0,5.4,4,1,0.384,13581.0,Employed,Excellent,1
62,53791.0,7.6,27040.0,10011.0,7.6,2,1,0.47,5972.0,,Excellent,1
55,79919.0,9.3,64664.0,7703.0,11.9,7,1,0.086,43567.0,Employed,Good,1
30,82820.0,3.1,29039.0,9298.0,8.5,3,4,0.115,17676.0,Self-employed,Poor,0
51,23721.0,10.2,7278.0,13821.0,11.9,6,2,0.147,10752.0,Employed,Excellent,1
53,48128.0,0.0,17429.0,22247.0,4.3,1,0,0.378,8239.0,Employed,Average,0
36,84879.0,1.0,32587.0,34165.0,3.7,5,2,0.741,36913.0,Employed,Excellent,1
54,66178.0,8.8,21772.0,1000.0,7.1,4,2,0.512,17826.0,Employed,Good,1
61,59296.0,12.7,24770.0,28942.0,6.8,5,2,0.637,16941.0,Self-employed,Excellent,1
57,50211.0,8.0,28747.0,17069.0,6.3,3,4,0.31,32335.0,Employed,Average,0
55,46556.0,5.8,16398.0,2602.0,3.2,5,2,0.131,8889.0,Self-employed,Average,0
49,61341.0,0.0,19252.0,17590.0,11.8,0,2,0.428,30141.0,Self-employed,Average,1
33,49448.0,0.0,3693.0,17874.0,5.5,5,5,0.439,11243.0,Self-employed,Excellent,1
56,54063.0,6.5,36091.0,18119.0,12.7,6,1,0.534,32739.0,Employed,Average,0
37,56729.0,4.6,21479.0,37141.0,7.1,3,2,0.382,43077.0,Employed,Excellent,1
44,40082.0,1.6,8330.0,9689.0,9.6,0,1,0.278,25897.0,Employed,Good,1
35,66707.0,6.3,6609.0,19834.0,9.2,4,2,0.157,38711.0,Self-employed,Average,1
35,119113.0,6.5,49413.0,56411.0,3.7,6,1,0.526,100000.0,Employed,Good,1
28,18000.0,9.8,18677.0,6009.0,8.5,3,0,0.279,8454.0,Employed,Average,0
64,62128.0,6.5,4014.0,1000.0,14.7,0,3,0.298,45771.0,Employed,Average,1
27,38276.0,10.9,7628.0,16468.0,8.0,3,0,0.424,10921.0,Self-employed,Average,0
24,67703.0,6.0,16154.0,9785.0,10.6,7,1,0.621,24368.0,Employed,Good,1
63,56024.0,5.5,27622.0,19338.0,9.8,2,1,0.333,46976.0,Employed,Good,1
45,71761.0,10.3,55641.0,32576.0,8.2,4,2,0.136,57803.0,Self-employed,Good,1
40,80861.0,2.1,23855.0,37122.0,7.7,2,2,0.281,57985.0,Self-employed,Good,0
54,59233.0,17.3,26806.0,8629.0,9.2,5,3,0.369,21260.0,Self-employed,Average,0
38,79905.0,7.5,51180.0,12493.0,10.1,3,1,0.476,38415.0,Employed,,1
26,18000.0,7.5,11093.0,11362.0,1.6,3,2,0.234,0.0,Employed,Average,0
53,89990.0,8.1,25744.0,18627.0,8.0,4,0,0.2,56086.0,Employed,,1
28,63251.0,13.5,5609.0,37252.0,6.3,4,0,0.452,24865.0,Employed,Good,1
45,78713.0,9.2,22496.0,27761.0,5.4,3,0,0.316,24718.0,Employed,Poor,0
63,28163.0,0.0,22475.0,13648.0,12.2,2,1,0.626,3072.0,Employed,Excellent,0
63,36723.0,11.6,12235.0,11289.0,4.1,0,2,0.1,31042.0,Employed,Excellent,1
37,58211.0,4.6,32284.0,27276.0,1.4,5,0,0.344,8673.0,Employed,Average,0
56,54625.0,6.4,36575.0,4196.0,10.2,2,2,0.413,13084.0,Self-employed,Excellent,1
48,61228.0,0.9,22816.0,15819.0,1.3,4,0,0.332,20764.0,Employed,Good,1
42,78859.0,8.1,16362.0,6889.0,0.5,3,2,0.511,35187.0,Unemployed,Average,0
27,18000.0,3.4,7872.0,1000.0,10.6,6,3,0.325,2070.0,Self-employed,Good,1
37,76424.0,6.4,48058.0,49561.0,7.6,5,1,0.285,58107.0,Employed,Poor,0
50,55182.0,4.9,23469.0,29050.0,8.9,3,1,0.681,14541.0,Employed,Average,0
65,50517.0,13.7,8180.0,17829.0,5.2,2,4,0.421,9307.0,Unemployed,Good,0
21,22635.0,13.9,500.0,3834.0,1.5,5,0,0.585,7374.0,Unemployed,Poor,0
53,66067.0,6.2,38373.0,22549.0,2.3,0,1,0.627,23144.0,Employed,Good,0
59,18000.0,6.3,5885.0,9706.0,5.9,0,0,0.442,10128.0,Employed,Excellent,1
63,69265.0,4.5,38724.0,38780.0,1.9,0,2,0.508,20417.0,Unemployed,Average,0
40,22174.0,10.4,1620.0,11815.0,8.2,2,3,0.414,7890.0,Employed,Good,1
26,56176.0,4.7,33867.0,26899.0,5.2,3,2,0.711,24658.0,Employed,Good,0
33,52378.0,4.3,28122.0,8213.0,7.7,2,3,0.035,15391.0,Employed,Good,1
59,80730.0,9.9,42554.0,54565.0,7.6,1,2,0.197,23617.0,Self-employed,Excellent,1
60,51070.0,3.8,24715.0,1594.0,8.5,2,0,0.543,14240.0,Employed,Excellent,1
49,39729.0,5.8,27274.0,11854.0,9.0,3,1,0.551,14140.0,Employed,Good,0
26,43855.0,0.0,33475.0,19977.0,5.6,2,2,0.537,15273.0,Self-employed,Poor,0
26,83003.0,8.8,43088.0,11146.0,7.7,4,2,0.405,67909.0,Employed,,1
42,66799.0,13.8,21583.0,12538.0,7.9,3,5,0.432,3989.0,Employed,Good,0
47,46516.0,8.9,9993.0,10018.0,0.5,7,1,0.538,23762.0,Employed,Good,1
22,49798.0,11.8,31346.0,18135.0,9.6,7,1,0.503,13990.0,Employed,Excellent,1
51,20522.0,2.6,12169.0,4361.0,7.6,5,1,0.637,7356.0,Unemployed,Good,0
45,63546.0,6.9,771.0,33099.0,9.3,4,2,0.551,27085.0,Employed,Good,1
21,18000.0,2.2,500.0,5312.0,1.9,0,1,0.526,23390.0,Employed,Average,0
25,71540.0,5.1,45780.0,51440.0,5.7,4,0,0.604,45037.0,Employed,Good,0
41,57830.0,9.1,37866.0,21086.0,2.6,3,1,0.352,41387.0,Employed,Poor,0
53,107513.0,6.4,73966.0,64082.0,10.0,2,2,0.421,22530.0,Employed,Average,0
58,30797.0,0.3,13592.0,9786.0,1.4,6,2,0.524,15001.0,Employed,Excellent,0
40,52741.0,0.7,25163.0,15585.0,3.3,0,0,0.685,36103.0,Employed,Poor,0
34,94562.0,0.5,53232.0,5107.0,9.1,2,2,0.112,40236.0,Employed,Excellent,1
64,81211.0,8.0,20672.0,4989.0,4.5,6,4,0.49,51016.0,Employed,Poor,0
41,39683.0,14.3,5319.0,13596.0,3.3,7,2,0.715,8050.0,Employed,Good,1
35,59927.0,11.4,39002.0,5657.0,10.6,4,0,0.616,26680.0,Employed,Good,1
40,55044.0,0.0,1490.0,25311.0,10.8,4,1,0.524,7579.0,Employed,Good,1
21,61203.0,11.7,27047.0,30448.0,9.9,7,1,0.476,35223.0,Employed,Good,1
34,39629.0,9.7,18445.0,2199.0,10.4,0,0,0.536,12332.0,Self-employed,Average,0
44,53035.0,0.0,28570.0,17327.0,6.1,3,0,0.213,2159.0,Employed,Average,0
62,19843.0,4.8,1897.0,11171.0,6.2,1,0,0.723,0.0,Self-employed,Good,0
54,57973.0,10.4,38092.0,36550.0,4.4,3,0,0.062,14793.0,Self-employed,Average,0
56,64900.0,8.2,15029.0,12950.0,7.7,7,0,0.622,33415.0,Self-employed,Good,1
45,49997.0,0.8,28286.0,37096.0,4.9,4,2,0.064,0.0,Self-employed,Good,0
25,19469.0,8.4,4338.0,15446.0,5.3,7,1,0.667,13882.0,Employed,Excellent,1
38,76748.0,0.0,41763.0,36169.0,9.4,4,1,0.516,70122.0,Employed,Average,0
65,63020.0,5.1,42569.0,15020.0,11.7,6,1,0.399,56290.0,Self-employed,Good,1
22,39028.0,10.6,4712.0,15033.0,8.6,1,2,0.472,4899.0,,Good,1
60,48827.0,6.1,13645.0,25210.0,14.2,2,1,0.423,19600.0,Employed,Average,1
51,21985.0,4.0,13257.0,5313.0,4.2,2,3,0.031,16319.0,Employed,Average,0
33,32441.0,9.6,9541.0,14757.0,0.5,6,2,0.35,18377.0,Employed,Excellent,0
56,43168.0,9.9,13086.0,27424.0,9.9,4,2,0.544,6822.0,Employed,Good,0
58,82025.0,11.2,31045.0,32501.0,3.9,1,2,0.804,61907.0,Employed,Good,1
22,40931.0,9.5,27649.0,21816.0,5.9,1,2,0.387,15346.0,Employed,Excellent,0
25,69085.0,10.3,32653.0,22809.0,0.5,3,1,0.33,51066.0,Self-employed,Good,1
50,43157.0,8.9,13148.0,19081.0,3.4,1,3,0.068,43075.0,Employed,Average,1
65,60455.0,7.1,51147.0,34069.0,1.0,5,2,0.286,49266.0,Employed,Good,0
22,51889.0,6.4,19751.0,2781.0,5.3,6,1,0.412,21277.0,Employed,Average,0
50,74207.0,5.1,,8784.0,5.4,7,4,0.549,11474.0,Employed,Poor,0
27,43234.0,1.2,12781.0,12996.0,7.4,1,1,0.195,24772.0,Employed,Excellent,1
50,20404.0,2.2,627.0,16076.0,12.0,3,1,0.64,13471.0,Self-employed,Good,1
49,24597.0,4.9,9064.0,3145.0,9.7,4,3,0.501,15507.0,Employed,Excellent,1
25,43299.0,7.0,19733.0,25998.0,0.5,3,2,0.394,19897.0,Self-employed,Average,0
51,27521.0,11.8,6555.0,7740.0,9.4,3,2,0.76,22750.0,Employed,Good,1
61,64025.0,5.8,28587.0,13952.0,7.4,1,2,0.426,32566.0,Employed,Good,1
59,44753.0,10.0,9050.0,29447.0,6.6,0,0,0.633,31661.0,Employed,Average,0
22,107241.0,10.3,38805.0,44844.0,6.9,3,3,0.517,73667.0,Employed,Average,0
32,18000.0,5.1,500.0,9688.0,7.8,0,0,0.46,15102.0,Employed,Good,1
31,59480.0,8.4,34061.0,6048.0,4.2,0,2,0.365,34384.0,Employed,Average,0
41,30185.0,5.0,15219.0,3133.0,6.3,4,1,0.141,17065.0,Employed,Poor,0
27,44145.0,11.3,13731.0,5012.0,11.7,6,2,0.108,23616.0,Employed,Good,1
59,58111.0,8.5,11839.0,9555.0,4.2,4,2,0.397,6575.0,Self-employed,Excellent,1
55,,1.2,6658.0,12148.0,2.9,0,0,0.452,13969.0,Employed,Average,0
57,60210.0,6.6,38587.0,12996.0,6.8,6,0,0.262,38573.0,Employed,Average,1
29,96864.0,12.6,26981.0,10422.0,2.5,5,1,0.571,49984.0,Self-employed,Good,1
21,45024.0,5.3,28744.0,11781.0,0.5,2,2,0.125,34130.0,Employed,Average,0
61,60716.0,7.8,24156.0,13565.0,5.6,2,2,0.367,49298.0,Employed,Good,0
34,77548.0,8.2,16212.0,46815.0,12.8,7,3,0.557,49007.0,Employed,Good,1
50,51393.0,1.9,36593.0,20102.0,6.8,3,2,0.483,41914.0,Employed,Average,0
61,42219.0,8.0,19562.0,5387.0,7.7,1,2,0.27,25943.0,Self-employed,Average,0
22,18000.0,0.4,500.0,5144.0,0.5,2,4,0.468,12601.0,Employed,Excellent,1
21,69102.0,3.5,60333.0,41142.0,8.8,2,4,0.21,51483.0,Employed,Excellent,1
21,52510.0,10.3,5759.0,31213.0,7.4,3,0,0.583,31882.0,Employed,Good,0
28,32721.0,7.4,15713.0,21323.0,4.3,2,1,0.512,2573.0,Employed,Good,0
23,57785.0,4.8,18561.0,29941.0,7.7,4,3,0.367,18112.0,Employed,Average,0
57,42159.0,7.8,20796.0,23930.0,7.7,2,1,0.237,24406.0,Employed,Excellent,1
48,43375.0,5.8,23263.0,31443.0,2.8,5,2,0.375,22934.0,Employed,Average,0
65,68338.0,6.1,6211.0,4248.0,8.3,3,1,0.658,31672.0,Employed,Good,1
57,25556.0,8.6,16946.0,9908.0,11.8,7,4,0.24,14876.0,Employed,Average,0
64,78041.0,3.1,45508.0,47720.0,6.1,6,0,0.387,49163.0,Self-employed,Good,1
31,24251.0,6.2,19105.0,16219.0,3.5,2,2,0.032,5130.0,Self-employed,Average,0
33,40421.0,4.8,28893.0,8516.0,6.3,0,2,0.667,10674.0,Employed,Good,0
59,97305.0,0.0,59407.0,50045.0,10.4,4,3,0.58,62836.0,Self-employed,Good,0
32,,2.3,37221.0,24272.0,2.1,2,3,0.422,23141.0,Employed,Good,0
23,57147.0,12.3,18793.0,23595.0,9.3,7,1,0.574,37069.0,Self-employed,Good,1
51,34308.0,7.5,13247.0,6501.0,4.3,3,2,0.639,23714.0,Self-employed,Good,0
57,43356.0,0.7,25983.0,14147.0,8.0,2,0,0.304,21556.0,Self-employed,Poor,0
64,56612.0,0.0,18286.0,31980.0,4.7,2,2,0.423,24055.0,Self-employed,Average,0
62,55826.0,5.6,31579.0,17384.0,4.7,6,0,0.283,49401.0,Self-employed,Excellent,1
26,53001.0,12.2,10783.0,14453.0,13.1,0,1,0.646,38988.0,Employed,Average,1
55,54322.0,5.3,25162.0,14070.0,1.4,7,2,0.191,29402.0,Unemployed,Good,0
59,50284.0,11.2,12059.0,26935.0,8.9,1,3,0.812,42059.0,Employed,Good,0
52,23276.0,7.4,15208.0,7648.0,13.9,6,1,0.263,5589.0,Employed,Excellent,1
57,43637.0,7.9,3284.0,22160.0,9.7,4,1,0.184,5908.0,Employed,Excellent,1
58,75122.0,0.7,11894.0,10464.0,1.7,4,1,0.654,36696.0,Employed,Good,1
41,24897.0,9.8,20304.0,18311.0,1.9,1,1,0.514,13523.0,Employed,Good,0
22,50830.0,4.7,35828.0,24645.0,4.0,5,2,0.499,33215.0,Employed,Good,0
41,36965.0,9.5,20424.0,1000.0,7.6,5,2,0.471,11672.0,Employed,Excellent,0
30,57450.0,2.7,45003.0,14665.0,7.9,3,6,0.816,24416.0,Employed,Excellent,0
26,46450.0,6.7,14591.0,9462.0,1.9,3,2,0.39,31018.0,Employed,Excellent,1
26,87503.0,7.4,54660.0,15185.0,3.5,4,3,0.06,73037.0,Employed,Good,1
52,66145.0,5.4,16835.0,10877.0,3.8,3,2,0.622,49089.0,Employed,Good,1
43,26140.0,7.6,8599.0,3247.0,6.3,7,2,0.442,3624.0,Self-employed,Good,0
45,69767.0,4.9,28601.0,3602.0,14.9,0,1,0.276,47590.0,Employed,Good,1
54,37958.0,3.4,1885.0,6926.0,3.3,2,3,0.858,27143.0,Employed,Good,0
45,42306.0,12.4,14943.0,13764.0,3.1,6,1,0.323,34956.0,Unemployed,Average,0
49,61904.0,10.2,28747.0,35422.0,2.5,6,2,0.114,44667.0,Self-employed,Average,0
24,44182.0,3.0,,22918.0,9.5,2,1,0.374,10777.0,Employed,Average,1
59,74643.0,8.3,50224.0,24503.0,6.8,4,1,0.049,66211.0,Employed,Good,1
41,37961.0,3.0,17314.0,18038.0,3.4,0,1,0.507,19751.0,Employed,Good,0
27,41383.0,1.3,12191.0,16356.0,5.5,1,0,0.434,31519.0,Self-employed,Good,1
57,40560.0,10.1,15132.0,1000.0,3.8,7,2,0.44,13363.0,Self-employed,Poor,0
54,42556.0,0.0,7664.0,11158.0,8.2,5,0,0.69,30801.0,Self-employed,Good,1
23,79182.0,9.7,6798.0,5972.0,17.7,0,2,0.153,29904.0,Unemployed,Average,1
29,68834.0,5.0,37982.0,26168.0,9.2,6,1,0.082,10904.0,Self-employed,Good,1
21,92619.0,5.2,16764.0,30364.0,6.6,3,0,0.531,86319.0,Employed,Poor,1
33,104888.0,7.6,7725.0,26872.0,4.3,4,3,0.454,31750.0,Employed,Good,1
25,32324.0,8.3,20638.0,10831.0,1.6,6,0,0.082,7376.0,Employed,Good,0
52,56549.0,2.7,9139.0,42181.0,9.9,6,2,0.81,49743.0,Employed,Good,1
44,29124.0,8.9,17219.0,10811.0,9.7,1,1,0.327,15185.0,Employed,Average,0
65,37893.0,6.5,22463.0,11321.0,5.1,2,3,0.452,21475.0,Employed,Average,0
54,41138.0,1.0,7802.0,12270.0,11.9,2,2,0.213,40053.0,Self-employed,Average,1
48,31743.0,5.3,14485.0,10767.0,7.1,7,1,0.681,11929.0,Employed,Average,0
43,31858.0,11.5,6077.0,18020.0,10.1,6,1,0.637,10980.0,Self-employed,Good,1
23,51826.0,12.7,27785.0,24388.0,8.2,5,0,0.174,24630.0,Unemployed,Excellent,0
24,28232.0,8.9,500.0,1000.0,6.3,0,0,0.369,18636.0,Employed,Average,1
48,73527.0,1.2,56249.0,23841.0,3.2,6,1,0.438,13784.0,Employed,Good,0
21,34809.0,8.0,11469.0,20219.0,6.4,4,1,0.278,14673.0,Employed,Excellent,1
22,116811.0,9.4,62424.0,35952.0,10.4,2,2,0.578,44026.0,Self-employed,Excellent,1
30,45070.0,8.9,500.0,28613.0,5.0,3,1,0.62,0.0,Self-employed,Good,1
60,56584.0,9.1,10672.0,13910.0,8.8,3,1,0.176,28576.0,Employed,Good,1
41,26502.0,7.5,10468.0,16191.0,2.7,2,0,0.682,15053.0,Employed,Average,0
52,92534.0,5.7,37170.0,30996.0,10.1,7,0,0.496,23486.0,Self-employed,Good,1
39,79629.0,3.6,58218.0,27219.0,8.3,7,5,0.263,13851.0,Employed,Excellent,1
28,61532.0,0.0,500.0,32408.0,2.2,0,0,0.542,53281.0,,Good,1
37,25370.0,7.4,3703.0,6047.0,6.1,7,2,0.386,14586.0,Employed,Average,1
25,59635.0,6.7,18271.0,18199.0,10.7,3,0,0.546,53288.0,Employed,Average,1
55,30329.0,8.2,2707.0,11156.0,2.0,6,2,0.798,31570.0,Self-employed,Average,0
29,87172.0,0.6,59697.0,44651.0,2.7,6,2,0.603,35082.0,Employed,Excellent,1
37,72802.0,8.6,49921.0,28133.0,6.7,4,3,0.265,30756.0,Self-employed,Poor,0
65,57100.0,14.2,,40122.0,15.5,5,1,0.587,8021.0,Self-employed,Average,0
47,18000.0,6.3,1138.0,8176.0,4.3,5,0,0.454,4957.0,Employed,Good,1
41,,5.8,8087.0,11164.0,9.0,6,0,0.598,13804.0,Self-employed,Average,0
45,70131.0,7.2,37040.0,45001.0,8.0,3,0,0.227,23084.0,Employed,Good,0
56,81683.0,14.1,19806.0,50962.0,4.6,5,6,0.323,39875.0,Employed,Average,0
32,79402.0,1.9,40909.0,19701.0,7.6,7,0,0.266,57263.0,Employed,Average,1
49,19976.0,6.8,4907.0,10171.0,5.2,7,0,0.272,0.0,Self-employed,Good,1
60,61634.0,2.8,16272.0,13910.0,5.6,1,1,0.514,21858.0,Self-employed,Excellent,1
46,77341.0,3.8,48756.0,36636.0,0.5,3,1,0.599,12445.0,Employed,Good,0
41,18517.0,5.8,2767.0,8406.0,6.9,4,3,0.539,1729.0,Employed,Average,0
27,54826.0,11.4,49781.0,24662.0,10.6,4,1,0.299,28992.0,Unemployed,Average,0
32,61025.0,13.2,13051.0,15066.0,7.2,5,2,0.466,40213.0,Employed,Good,1
63,48383.0,7.8,984.0,15906.0,11.4,6,5,0.406,15352.0,Employed,Poor,0
45,18000.0,4.5,17287.0,4660.0,9.3,4,0,0.289,12991.0,Employed,Excellent,1
34,47835.0,16.0,9809.0,26304.0,6.8,5,5,0.528,15686.0,Employed,,1
39,47799.0,4.3,13828.0,14735.0,4.5,7,0,0.59,50070.0,Employed,Good,1
47,51742.0,3.7,10040.0,14522.0,5.1,0,2,0.406,22514.0,Employed,Average,0
45,42604.0,0.0,17161.0,7838.0,1.1,5,2,0.252,29264.0,Self-employed,Average,0
52,45254.0,11.6,33614.0,8140.0,5.9,2,3,0.391,13784.0,Employed,Average,0
32,54126.0,9.9,15598.0,16614.0,7.6,7,1,0.327,13570.0,Employed,Average,0
50,64734.0,15.7,9113.0,40532.0,13.9,4,4,0.428,29878.0,Self-employed,Good,0
40,48303.0,0.4,22377.0,7185.0,9.1,4,1,0.366,15627.0,Employed,Good,0
63,45988.0,11.8,29867.0,24497.0,3.5,6,0,0.257,23661.0,Self-employed,Good,0
28,57032.0,6.3,30357.0,5758.0,1.2,1,4,0.319,30396.0,Employed,Good,0
27,18000.0,9.2,3914.0,10708.0,6.2,4,0,0.134,996.0,Employed,Good,0
41,65495.0,0.0,26125.0,13201.0,10.2,6,0,0.422,66193.0,Employed,Excellent,1
43,54988.0,11.9,23212.0,19482.0,6.1,6,2,0.352,5849.0,Employed,Good,1
52,55873.0,9.1,20424.0,16727.0,9.2,1,2,0.793,39054.0,Employed,Good,1
39,76136.0,5.8,10217.0,5713.0,6.3,6,1,0.557,48510.0,Employed,Excellent,1
62,18000.0,8.6,20469.0,5938.0,9.9,1,2,0.378,0.0,Employed,Poor,0
42,18000.0,2.9,6520.0,7452.0,0.6,2,0,0.069,2139.0,Employed,Excellent,0
26,61024.0,3.7,12132.0,26211.0,13.4,6,2,0.172,35121.0,Self-employed,Poor,0
26,54843.0,4.1,9337.0,36195.0,2.6,4,2,0.603,34404.0,Employed,Excellent,1
64,58744.0,0.0,26933.0,16125.0,10.2,4,0,0.398,31265.0,Self-employed,Average,0
27,44833.0,9.4,11160.0,24000.0,5.9,4,2,0.34,15542.0,Self-employed,Good,0
63,69616.0,10.8,15282.0,21237.0,6.5,7,3,0.6,18613.0,Self-employed,Excellent,1
33,75518.0,3.2,27361.0,9312.0,6.0,1,0,0.535,44947.0,Employed,Excellent,1
25,65648.0,7.4,32569.0,11920.0,8.0,2,0,0.388,58202.0,Self-employed,Good,1
34,49262.0,4.9,13528.0,10575.0,8.8,3,3,0.352,24314.0,Employed,Average,0
48,18000.0,7.3,12517.0,1000.0,11.2,6,3,0.381,16316.0,Employed,Excellent,1
40,71923.0,3.5,22114.0,33615.0,12.6,4,1,0.285,43084.0,Unemployed,Excellent,1
56,81878.0,2.5,18105.0,26515.0,8.3,5,0,0.287,42153.0,Employed,Average,1
48,69180.0,10.2,50354.0,27002.0,13.9,6,1,0.301,46481.0,Employed,Good,0
39,35648.0,5.7,16540.0,20410.0,7.4,7,0,0.411,0.0,Employed,Good,0
49,69823.0,14.1,27425.0,26423.0,11.3,3,2,0.427,14570.0,Unemployed,Excellent,0
64,73932.0,6.2,46675.0,27429.0,8.7,3,2,0.065,45633.0,Employed,Good,1
39,89294.0,2.3,36570.0,11665.0,4.8,0,2,0.798,82212.0,Self-employed,,1
27,35726.0,10.9,9088.0,1000.0,7.7,0,2,0.412,14139.0,Employed,Good,1
39,50018.0,8.5,29944.0,7005.0,9.0,3,0,0.462,8331.0,Employed,Good,1
58,71440.0,8.9,47363.0,6719.0,6.9,5,3,0.207,0.0,Employed,Poor,0
30,56263.0,10.8,20089.0,24881.0,8.7,6,0,0.673,16701.0,Self-employed,Good,0
63,30419.0,3.4,16217.0,1334.0,10.5,3,2,0.476,17960.0,Employed,Good,1
47,64122.0,5.5,19356.0,10253.0,6.9,4,2,0.527,18825.0,Unemployed,Average,0
48,67731.0,5.3,5913.0,42389.0,0.5,6,1,0.361,7970.0,Employed,Poor,0
35,56935.0,0.8,41475.0,35745.0,13.7,2,1,0.591,40795.0,,Average,0
62,59831.0,4.9,25250.0,20622.0,5.8,1,1,0.274,14724.0,Employed,Good,1
22,49308.0,11.3,24473.0,13292.0,3.7,7,3,0.899,18845.0,Employed,Average,0
34,87522.0,6.9,39364.0,40284.0,2.5,4,1,0.122,62045.0,Employed,Excellent,1
39,35185.0,0.6,16330.0,1000.0,5.7,1,3,0.265,2608.0,Employed,Average,0
42,42079.0,0.0,11464.0,15157.0,4.7,2,1,0.127,16370.0,Employed,Average,0
42,55242.0,12.7,42744.0,4888.0,4.1,2,0,0.558,7046.0,Employed,Good,0
27,74337.0,5.6,33589.0,15050.0,4.3,1,0,0.419,22947.0,Unemployed,Average,0
31,22058.0,3.4,14303.0,13903.0,9.1,3,2,0.42,17880.0,Employed,Average,0
25,26173.0,4.9,6016.0,8773.0,15.1,6,1,0.531,15300.0,Employed,Average,0
46,18000.0,0.1,2237.0,17350.0,10.3,5,1,0.468,0.0,Employed,Poor,0
36,55719.0,11.7,3180.0,25702.0,11.5,7,2,0.459,8452.0,Employed,Average,0
46,30397.0,4.4,4684.0,14996.0,5.5,6,2,0.637,9888.0,Employed,Good,0
47,46540.0,11.5,12127.0,27199.0,7.4,2,3,0.147,32255.0,Unemployed,Excellent,1
52,69550.0,6.2,31835.0,27639.0,8.7,0,1,0.593,49731.0,Employed,Good,1
45,40886.0,11.7,24406.0,13695.0,4.4,1,1,0.424,21036.0,Employed,Excellent,1
50,60088.0,7.0,20760.0,15489.0,5.3,6,2,0.818,11789.0,Employed,Average,0
47,48415.0,9.4,11420.0,17936.0,10.4,2,2,0.676,37320.0,Employed,Average,0
50,69787.0,8.9,35485.0,15577.0,11.4,5,3,0.46,56679.0,Employed,Good,1
48,65453.0,8.5,6064.0,17732.0,7.3,3,3,0.172,21374.0,Self-employed,Poor,0
35,39777.0,7.4,31200.0,7416.0,2.2,7,2,0.17,10412.0,Employed,Average,0
32,51290.0,5.1,19015.0,18262.0,5.8,4,2,0.178,23866.0,Employed,Poor,0
56,77962.0,13.7,12377.0,16595.0,1.2,7,1,0.654,50062.0,Employed,Excellent,1
36,63654.0,2.4,13116.0,17616.0,7.3,2,1,0.579,18721.0,Unemployed,Good,1
45,24267.0,6.0,17352.0,10820.0,8.0,6,2,0.266,1201.0,Employed,Good,0
29,69424.0,6.1,13383.0,11462.0,5.9,4,3,0.326,46506.0,Employed,Average,1
40,31139.0,7.6,12733.0,21785.0,8.0,1,2,0.287,12955.0,Employed,Poor,0
44,86075.0,4.3,18873.0,29796.0,8.7,1,2,0.373,32783.0,Employed,Average,1
49,77530.0,7.3,17470.0,25498.0,8.0,2,1,0.669,30874.0,Employed,Excellent,1
44,61377.0,5.3,38071.0,4025.0,2.2,1,1,0.306,9450.0,Employed,Good,1
37,58459.0,0.0,9140.0,33074.0,6.0,7,1,0.327,22124.0,Employed,Average,0
64,50401.0,6.0,1981.0,24708.0,8.6,1,2,0.102,35387.0,Employed,Excellent,1
44,69928.0,1.6,23519.0,19251.0,13.3,4,0,0.77,34912.0,Self-employed,Poor,0
57,46843.0,0.0,31342.0,4570.0,5.9,4,1,0.455,44744.0,Employed,Average,0
54,60183.0,6.5,15081.0,31642.0,9.2,4,1,0.485,35366.0,Employed,Average,1
46,74183.0,8.0,6554.0,45071.0,10.5,5,1,0.634,45705.0,Employed,Poor,0
60,42640.0,8.1,25533.0,7648.0,6.2,7,3,0.58,11513.0,Employed,Excellent,0
26,41444.0,8.3,15450.0,7178.0,11.6,7,1,0.223,11651.0,Employed,Good,1
62,28724.0,0.0,17055.0,8327.0,11.8,6,1,0.272,27537.0,Employed,Average,0
59,31582.0,0.6,17867.0,1000.0,12.5,3,3,0.341,25518.0,Employed,Average,0
43,18000.0,13.9,6197.0,12513.0,8.8,5,5,0.152,8510.0,Employed,Average,0
54,71056.0,1.8,25284.0,36513.0,,1,1,0.457,39694.0,Employed,Excellent,1
44,94796.0,8.4,26000.0,59808.0,4.5,7,2,0.719,53497.0,Employed,Good,0
33,86357.0,3.3,49965.0,51392.0,15.5,1,1,0.145,12697.0,Employed,Good,0
56,19226.0,6.3,9875.0,1683.0,10.1,0,0,0.615,4644.0,Employed,Good,1
32,70947.0,3.5,47608.0,45481.0,12.4,6,2,0.413,39478.0,Employed,Poor,0
35,86286.0,8.2,39118.0,23956.0,5.7,6,1,0.458,75229.0,Employed,Excellent,1
44,44950.0,6.5,6467.0,5238.0,10.4,1,1,0.422,36499.0,Employed,Excellent,1
58,57232.0,4.2,24631.0,26717.0,12.7,7,2,0.658,24752.0,Unemployed,Good,0
38,,1.8,,1654.0,2.7,0,2,0.336,4829.0,Employed,Average,0
43,60868.0,7.1,24898.0,39719.0,6.3,0,0,0.401,3283.0,Employed,Excellent,1
22,31602.0,1.1,17727.0,16165.0,0.5,7,2,0.533,7363.0,Self-employed,Excellent,0
26,59392.0,7.7,31525.0,29254.0,6.3,1,1,0.208,46336.0,Employed,Good,0
23,20654.0,16.5,500.0,7470.0,3.7,1,0,0.511,23082.0,Employed,Good,1
24,66943.0,11.4,27339.0,15404.0,6.1,6,2,0.841,31172.0,Self-employed,Excellent,1
60,77539.0,8.9,39791.0,10890.0,18.7,4,1,0.252,58958.0,Employed,Average,1
58,37770.0,5.7,30769.0,19945.0,13.9,4,2,0.547,1033.0,Employed,Average,0
57,29988.0,0.0,16851.0,10299.0,1.2,7,3,0.359,25506.0,Employed,Good,0
23,18000.0,0.7,8304.0,8908.0,9.2,0,1,0.161,13779.0,Employed,Excellent,0
24,49139.0,11.1,26147.0,3905.0,10.2,7,0,0.64,687.0,Employed,Good,1
33,42205.0,2.8,16659.0,8179.0,5.6,2,2,0.347,33117.0,Self-employed,Excellent,1
46,20878.0,3.2,6423.0,1136.0,7.7,4,4,0.16,5508.0,Employed,Good,1
36,64966.0,5.3,40285.0,28977.0,8.1,2,1,0.612,37613.0,Employed,Average,0
42,45101.0,1.8,32678.0,22315.0,1.6,2,1,0.79,10459.0,Unemployed,Excellent,0
28,31334.0,1.1,4221.0,16982.0,2.9,2,1,0.765,12640.0,Unemployed,Excellent,0
53,42799.0,5.8,14328.0,10268.0,7.7,4,2,0.397,24179.0,Employed,Excellent,1
35,78569.0,2.4,8961.0,28039.0,7.4,7,1,0.481,26702.0,Employed,Excellent,1
23,68265.0,3.0,26737.0,2651.0,4.2,0,1,0.621,12263.0,Employed,Good,1
54,52139.0,2.9,19978.0,10017.0,3.8,5,1,0.506,35420.0,Self-employed,Good,1
61,68620.0,8.1,41115.0,26385.0,6.6,6,2,0.548,23296.0,Unemployed,Average,0
21,29460.0,5.1,500.0,19391.0,10.5,5,4,0.189,4382.0,Self-employed,Excellent,1
40,55712.0,5.3,26633.0,14835.0,6.7,7,2,0.288,29799.0,Employed,Good,0
58,58241.0,8.4,12712.0,12448.0,13.5,0,0,0.322,11492.0,Employed,Poor,0
52,44664.0,5.4,18745.0,15250.0,4.2,2,1,0.104,40121.0,Employed,Good,1
59,64580.0,4.9,31174.0,39036.0,7.8,3,0,0.455,30793.0,Employed,Average,0
39,37830.0,7.9,8307.0,5982.0,5.6,4,2,0.43,3985.0,Employed,Good,1
37,66216.0,8.7,22502.0,17772.0,9.4,2,0,0.703,29631.0,Employed,Excellent,1
52,67141.0,5.4,49328.0,38744.0,3.9,2,0,0.839,37792.0,Employed,Excellent,0
27,18000.0,6.3,5653.0,9265.0,14.7,6,2,0.279,2163.0,Employed,Average,0
31,81187.0,2.9,13532.0,46738.0,0.5,1,2,0.558,34968.0,Unemployed,Average,0
48,18000.0,2.6,2316.0,4982.0,13.9,7,2,0.242,15629.0,Employed,Good,1
51,41447.0,9.1,11409.0,13424.0,7.4,0,1,0.375,30499.0,Self-employed,Good,1
26,77558.0,7.8,43446.0,49467.0,9.2,3,2,0.355,28555.0,Employed,Good,0
43,48020.0,7.8,27584.0,10720.0,12.3,4,0,0.276,14342.0,Employed,Excellent,1
37,22744.0,7.1,500.0,11693.0,10.4,7,3,0.406,3058.0,Employed,Excellent,1
43,30938.0,6.2,16928.0,17772.0,4.1,6,1,0.242,1590.0,Employed,Poor,0
64,77592.0,8.8,45477.0,7470.0,9.4,0,1,0.375,42865.0,Self-employed,Excellent,1
24,18000.0,9.7,8426.0,4711.0,14.5,5,1,0.771,1627.0,Employed,Good,0
65,79838.0,9.6,9752.0,41483.0,3.5,2,1,0.449,22822.0,Self-employed,Average,0
41,53788.0,5.6,21573.0,6062.0,15.5,6,2,0.492,10214.0,Self-employed,Good,1
55,28767.0,11.5,11808.0,5260.0,8.5,6,1,0.2,16223.0,Employed,Poor,0
40,42171.0,6.9,9681.0,13177.0,5.3,1,0,0.387,21441.0,Employed,Excellent,1
34,32621.0,8.5,13927.0,16546.0,3.4,2,2,0.265,7242.0,Employed,Average,0
55,74057.0,7.1,1546.0,46790.0,6.1,6,1,0.725,51134.0,Employed,Excellent,1
51,71113.0,7.0,11032.0,42263.0,0.5,7,2,0.649,35787.0,Employed,Excellent,1
27,18000.0,3.1,5259.0,1000.0,5.3,4,2,0.242,6687.0,Employed,Good,1
52,46121.0,8.8,8424.0,21645.0,5.9,1,1,0.362,4327.0,Unemployed,Average,0
54,36010.0,17.4,28381.0,20890.0,2.7,3,0,0.371,8567.0,,Good,0
38,83457.0,4.5,5970.0,40487.0,10.0,6,2,0.193,57001.0,Self-employed,Good,1
62,25298.0,6.3,8269.0,7507.0,6.1,4,1,0.39,3915.0,Employed,Good,0
49,90293.0,4.2,33867.0,4434.0,4.5,1,1,0.652,37918.0,Employed,Excellent,1
36,54268.0,4.0,29198.0,26636.0,5.7,2,2,0.429,25786.0,Self-employed,Average,0
21,29437.0,12.2,15836.0,1000.0,8.4,1,4,0.646,9646.0,Employed,Poor,0
51,40100.0,3.3,17543.0,10623.0,7.3,3,1,0.475,32085.0,Employed,Average,0
30,37364.0,4.1,18326.0,23335.0,4.2,3,0,0.436,12410.0,Self-employed,Good,1
55,26958.0,0.0,500.0,21200.0,7.5,4,4,0.138,8544.0,Unemployed,Good,0
44,57086.0,3.0,28223.0,40473.0,6.8,7,2,0.208,27796.0,Employed,Good,0
42,27986.0,0.0,1405.0,17789.0,2.4,5,2,0.319,14398.0,Self-employed,Excellent,1
28,18000.0,8.5,12535.0,2558.0,,4,1,0.302,12148.0,Employed,Good,0
53,46647.0,17.2,5874.0,15077.0,9.3,2,2,0.757,30840.0,Employed,Average,1
28,18000.0,4.5,16236.0,1000.0,9.3,5,0,0.502,7274.0,Employed,Average,0
39,38452.0,0.0,21001.0,24491.0,6.1,7,1,0.254,1031.0,Employed,Good,0
58,35000.0,9.6,12820.0,13936.0,9.7,0,0,0.621,31920.0,Employed,,1
62,35833.0,3.1,10058.0,12768.0,3.1,2,1,0.589,23053.0,Employed,Average,0
65,99021.0,11.2,26520.0,5689.0,3.2,0,4,0.177,21708.0,Employed,Poor,0
64,56241.0,4.9,7371.0,17717.0,6.0,1,1,0.41,22378.0,Self-employed,Poor,0
46,60398.0,3.5,42654.0,35128.0,13.0,0,1,0.736,31397.0,Self-employed,Excellent,0
30,18000.0,5.3,10074.0,8983.0,7.7,4,0,0.188,6327.0,Self-employed,Good,0
58,40613.0,9.0,4839.0,1648.0,5.9,6,1,0.401,22270.0,Employed,Average,1
57,59737.0,5.1,34408.0,12881.0,13.2,7,1,0.743,40440.0,Unemployed,Average,0
65,,4.0,,16440.0,5.9,1,0,0.509,8155.0,Employed,Excellent,1
50,74977.0,5.2,5212.0,4423.0,15.9,5,1,0.331,61321.0,Employed,Good,1
27,28541.0,0.9,9588.0,19944.0,5.0,2,1,0.296,18899.0,Employed,Average,0
43,48700.0,7.6,4648.0,11422.0,3.0,2,3,0.752,12929.0,Employed,Excellent,1
41,42107.0,0.0,7819.0,6841.0,6.3,4,3,0.13,15167.0,Employed,Good,1
58,58615.0,4.2,31311.0,24100.0,6.0,5,0,0.604,51285.0,Employed,Good,1
38,40909.0,9.0,7654.0,9251.0,3.8,4,0,0.409,14740.0,Unemployed,Good,1
35,49040.0,7.2,34364.0,5061.0,17.4,0,1,0.525,43768.0,Employed,Good,1
24,49805.0,8.4,18142.0,18768.0,8.3,3,1,0.484,6731.0,Employed,Excellent,1
58,38843.0,5.7,21650.0,5190.0,8.9,2,1,0.334,25732.0,Employed,Average,0
54,65672.0,10.7,30444.0,15121.0,5.2,0,1,0.679,43326.0,Employed,Excellent,1
22,60245.0,9.7,36228.0,32255.0,4.7,0,2,0.27,19999.0,Unemployed,Average,0
40,53050.0,7.8,22600.0,30396.0,11.1,3,4,0.305,32255.0,Employed,Excellent,1
42,45530.0,9.7,19854.0,17168.0,0.5,0,4,0.359,0.0,Employed,Average,0
42,72524.0,9.0,30523.0,33093.0,2.4,5,0,0.596,17764.0,Employed,Good,0
62,49812.0,4.2,32071.0,5149.0,6.0,0,4,0.466,20600.0,Employed,Average,0
27,48253.0,0.6,7920.0,16982.0,12.4,1,1,0.564,413.0,Employed,Excellent,1
34,57303.0,7.7,21191.0,17045.0,5.5,7,0,0.441,4270.0,Employed,Good,1
29,92325.0,8.2,52694.0,38767.0,8.7,5,2,0.324,23745.0,Employed,Good,1
31,25512.0,10.4,4136.0,1000.0,7.1,4,2,0.364,3957.0,Employed,Excellent,1
61,71937.0,2.3,46175.0,43288.0,12.2,0,3,0.093,13035.0,Self-employed,Average,0
63,18000.0,2.4,500.0,9656.0,0.7,0,1,0.686,0.0,Employed,Excellent,1
23,59780.0,7.8,5729.0,13191.0,,7,1,0.248,42750.0,Employed,Poor,0
49,89652.0,5.7,46991.0,40274.0,6.2,6,4,0.573,13167.0,Self-employed,Good,0
31,65751.0,0.0,25966.0,4684.0,10.7,7,1,0.284,44454.0,Employed,Excellent,1
29,58754.0,7.5,8839.0,33899.0,3.7,6,1,0.122,7327.0,Employed,Poor,0
34,42670.0,0.0,9770.0,8031.0,7.1,0,1,0.67,0.0,Employed,Excellent,1
29,55683.0,2.2,13088.0,6955.0,6.6,6,2,0.559,25166.0,Employed,Average,1
43,49455.0,11.4,27294.0,23089.0,3.0,3,1,0.294,15525.0,Employed,Good,0
65,37709.0,13.3,21283.0,20279.0,1.9,5,3,0.427,22948.0,Employed,Good,0
47,48623.0,1.1,25590.0,17928.0,4.7,3,1,0.75,19918.0,Employed,Average,0
53,59364.0,4.7,7613.0,25337.0,7.5,5,0,0.167,17153.0,Self-employed,Excellent,1
43,38121.0,6.2,26143.0,1172.0,4.0,6,0,0.543,8700.0,Employed,Average,0
21,37262.0,13.1,22720.0,2104.0,5.7,7,0,0.178,34649.0,Unemployed,Excellent,1
24,25075.0,4.0,22301.0,10342.0,0.5,4,1,0.08,5211.0,Employed,Average,0
33,63596.0,4.1,15512.0,24276.0,5.5,2,2,0.256,47283.0,Employed,Excellent,1
31,66997.0,12.2,14504.0,4533.0,11.1,4,0,0.23,38664.0,Employed,Excellent,1
58,60097.0,4.5,47681.0,19759.0,9.8,3,1,0.653,24052.0,Employed,Excellent,0
58,76234.0,8.9,45297.0,29042.0,6.7,1,1,0.301,22266.0,Unemployed,Good,0
59,56933.0,0.1,3047.0,25279.0,8.0,5,3,0.284,13767.0,Employed,Poor,0
49,63624.0,5.3,35733.0,37281.0,3.7,0,1,0.405,27174.0,Employed,Poor,0
46,61684.0,0.0,2362.0,15770.0,13.5,3,1,0.642,57768.0,Employed,Average,1
50,52986.0,1.8,7665.0,23913.0,15.3,5,0,0.598,18100.0,Employed,Average,0
39,43322.0,9.4,24384.0,17460.0,7.7,7,1,0.155,35567.0,Self-employed,Average,0
51,103711.0,5.8,44330.0,24025.0,17.4,4,2,0.476,20340.0,Self-employed,Good,1
56,45057.0,4.7,17553.0,1000.0,4.3,7,2,0.309,7483.0,Employed,Excellent,1
55,40351.0,3.0,20118.0,1000.0,2.0,6,1,0.187,21317.0,Self-employed,Average,0
48,64548.0,5.1,46297.0,36910.0,4.2,1,1,0.195,59202.0,Self-employed,Excellent,0
23,60541.0,7.2,4073.0,16409.0,6.1,6,2,0.698,22435.0,Employed,Average,1
53,24095.0,9.9,13726.0,12304.0,16.2,2,2,0.448,8766.0,Employed,Good,1
37,79699.0,0.0,49552.0,35521.0,5.9,5,2,0.425,31430.0,Self-employed,Good,0
54,52928.0,2.7,28525.0,11106.0,3.6,1,2,0.376,34131.0,Self-employed,Average,0
45,30560.0,6.6,22137.0,16367.0,3.4,4,3,0.679,15625.0,Employed,Excellent,0
60,81153.0,5.6,34535.0,42337.0,11.6,5,1,0.733,59240.0,,Poor,0
36,68765.0,7.6,8680.0,1269.0,11.0,7,0,0.31,28074.0,Self-employed,Poor,0
62,27180.0,7.1,5935.0,17404.0,5.1,7,2,0.223,15678.0,Self-employed,Good,0
59,94098.0,4.8,54991.0,35896.0,0.5,6,1,0.14,85765.0,Employed,Average,0
35,69494.0,3.9,52553.0,18906.0,2.5,4,4,0.51,41336.0,Self-employed,Excellent,0
42,54776.0,5.0,5065.0,25478.0,13.9,7,0,0.276,19822.0,Employed,Good,1
44,89985.0,10.6,5448.0,38089.0,9.8,0,1,0.349,78577.0,Employed,Average,1
55,58505.0,3.1,36875.0,20042.0,7.3,7,2,0.197,44665.0,Employed,Excellent,1
52,54382.0,5.7,2914.0,37006.0,14.5,1,1,0.341,27009.0,Employed,Good,1
59,40473.0,6.7,2341.0,18969.0,14.8,3,1,0.242,27729.0,Employed,Good,1
37,67801.0,12.2,43724.0,26589.0,6.9,7,1,0.212,29875.0,Self-employed,Average,0
43,65485.0,4.8,44908.0,6152.0,6.9,5,2,0.149,22390.0,Employed,Average,0
40,55323.0,9.8,36742.0,12614.0,4.7,6,1,0.258,10739.0,Employed,Excellent,0
61,37620.0,10.9,19328.0,13370.0,5.9,5,1,0.15,26093.0,Employed,Excellent,1
34,57858.0,5.7,14193.0,27355.0,1.1,4,1,0.193,37931.0,Employed,Average,0
47,53464.0,5.2,38443.0,16383.0,1.0,1,1,0.062,30641.0,Employed,Excellent,0
26,25664.0,4.7,12047.0,7900.0,0.5,7,1,0.845,15390.0,Employed,Good,0
59,22620.0,5.0,8085.0,4990.0,11.3,5,2,0.577,22939.0,Unemployed,Excellent,1
38,67433.0,9.4,47960.0,25666.0,0.8,5,2,0.051,26796.0,Employed,Average,0
36,18000.0,6.9,11903.0,8586.0,14.8,3,4,0.647,0.0,Employed,Excellent,0
47,59519.0,6.9,34772.0,28515.0,4.1,7,2,0.776,46375.0,Employed,Good,0
43,44482.0,1.5,3574.0,24518.0,13.9,3,0,0.31,34444.0,Employed,Good,1
59,83781.0,2.1,59218.0,55792.0,5.5,1,1,0.349,69776.0,Self-employed,Excellent,0
44,44144.0,14.6,18238.0,1000.0,0.7,1,2,0.836,16969.0,Employed,Poor,0
44,69509.0,5.3,31721.0,40512.0,12.1,5,3,0.415,19146.0,Self-employed,Average,0
25,46268.0,2.9,24429.0,28389.0,12.6,5,1,0.599,21076.0,Employed,Good,1
21,57502.0,11.7,12815.0,23884.0,3.4,1,1,0.11,47513.0,Employed,Good,1
38,71210.0,7.1,38403.0,7894.0,5.7,5,0,0.06,32435.0,Employed,Excellent,1
65,44824.0,8.3,22055.0,32591.0,3.4,7,2,0.361,34931.0,Employed,Good,1
62,76924.0,5.4,43092.0,12053.0,6.5,4,1,0.372,11225.0,Self-employed,Excellent,1
49,33139.0,4.7,22779.0,8114.0,7.4,7,1,0.552,15618.0,Employed,Good,0
49,61481.0,5.3,30606.0,2640.0,5.6,1,0,0.166,47618.0,Employed,Excellent,1
38,75298.0,0.5,11692.0,25009.0,0.5,3,0,0.528,63327.0,Employed,Average,1
28,69521.0,5.6,11742.0,23909.0,4.7,4,2,0.511,20745.0,,Good,1
21,97162.0,7.2,72527.0,32669.0,9.8,2,1,0.661,17393.0,Self-employed,Good,0
36,38204.0,13.4,28627.0,27292.0,6.2,0,4,0.643,2832.0,Employed,Excellent,0
35,24659.0,6.3,12323.0,12275.0,5.7,3,1,0.344,2439.0,Unemployed,Good,0
29,33125.0,0.0,2147.0,9641.0,3.3,2,0,0.488,28851.0,Employed,Good,1
32,69530.0,5.6,17148.0,46050.0,4.6,1,2,0.345,27728.0,Self-employed,,0
22,65954.0,17.0,37938.0,35817.0,12.6,2,3,0.382,27488.0,Self-employed,Poor,0
48,57250.0,9.5,30054.0,11271.0,2.4,3,1,0.271,37705.0,Unemployed,Good,0
62,30295.0,2.8,4864.0,2096.0,9.9,7,2,0.573,26547.0,Self-employed,Excellent,1
52,71871.0,8.4,28887.0,30982.0,7.2,3,2,0.862,30534.0,,Good,0
41,28056.0,3.0,4267.0,6419.0,8.0,3,0,0.107,23728.0,Employed,Good,1
39,80497.0,0.6,34106.0,30077.0,4.1,3,2,0.563,36096.0,Self-employed,Average,0
34,117864.0,4.6,29299.0,16053.0,5.6,4,1,0.493,28420.0,Self-employed,Excellent,1
27,63062.0,6.4,2443.0,36896.0,7.0,2,2,0.539,48797.0,Employed,Average,1
47,67828.0,0.0,7262.0,36191.0,4.9,6,2,0.21,13309.0,Self-employed,Average,0
46,44157.0,1.4,31100.0,20160.0,8.3,3,0,0.1,39363.0,Employed,Excellent,1
21,18000.0,6.0,16471.0,9389.0,8.8,3,1,0.289,16198.0,Employed,Good,0
39,41740.0,4.4,23388.0,18200.0,15.7,0,2,0.277,32290.0,Employed,Good,0
33,30956.0,7.6,8088.0,11653.0,8.1,7,0,0.646,4283.0,Employed,Good,1
28,23166.0,1.1,19078.0,17197.0,0.5,3,0,0.507,497.0,Employed,Good,0
52,92892.0,8.9,26857.0,39130.0,11.7,1,0,0.388,76813.0,Employed,Good,1
44,61003.0,1.3,21804.0,14028.0,6.2,1,2,0.384,49222.0,Employed,Average,0
49,63353.0,12.6,16428.0,24408.0,15.0,2,2,0.724,55002.0,Employed,Good,1
53,48202.0,0.0,16515.0,28184.0,12.9,6,1,0.377,19068.0,Employed,Good,1
65,51197.0,1.6,32241.0,27120.0,5.0,0,1,0.567,33382.0,Employed,Average,0
57,76220.0,7.7,53780.0,29853.0,9.9,0,2,0.784,33207.0,Employed,Good,0
48,54289.0,12.7,8295.0,11046.0,4.6,4,1,0.543,20567.0,Employed,Good,1
60,66675.0,7.3,26048.0,31600.0,7.0,3,0,0.42,36632.0,Self-employed,Excellent,1
42,50688.0,8.3,14157.0,14914.0,9.7,7,0,0.11,24133.0,Self-employed,Excellent,1
65,47473.0,6.1,500.0,12220.0,11.5,6,4,0.191,17798.0,Employed,Good,1
55,24048.0,1.9,7831.0,8519.0,10.6,5,5,0.247,0.0,Self-employed,Good,0
50,18000.0,4.0,6905.0,3091.0,7.3,2,3,0.674,19606.0,Employed,Average,0
61,49246.0,1.2,24408.0,30252.0,16.9,5,0,0.703,39477.0,Employed,Excellent,1
44,56243.0,0.9,5086.0,28466.0,5.5,4,6,0.42,17046.0,Self-employed,Average,0
53,26705.0,7.6,14890.0,6819.0,0.6,2,0,0.185,20646.0,Unemployed,Excellent,0
33,54242.0,1.5,41324.0,22218.0,1.3,2,1,0.465,36323.0,Employed,Excellent,0
64,56183.0,7.3,20500.0,34208.0,12.9,7,2,0.497,17153.0,Employed,Good,0
49,,0.8,14009.0,6590.0,6.7,4,1,0.302,1039.0,Employed,Good,0
56,34867.0,7.2,8490.0,23144.0,7.6,3,1,0.721,23668.0,Employed,Excellent,0
41,63960.0,4.0,37047.0,1880.0,4.8,6,2,0.731,44415.0,Employed,Excellent,1
60,63515.0,11.6,36481.0,6731.0,5.2,2,1,0.338,0.0,Employed,Good,0
24,29619.0,7.3,20342.0,17745.0,3.9,1,1,0.482,23196.0,Self-employed,Good,0
26,58486.0,10.9,34835.0,4705.0,8.9,7,0,0.306,41855.0,Employed,Good,1
43,77493.0,3.0,28325.0,33596.0,6.6,6,1,0.33,50251.0,Employed,Good,1
53,72096.0,6.2,49180.0,39294.0,8.7,3,1,0.422,7156.0,Self-employed,Good,0
57,52904.0,2.1,25346.0,8876.0,8.4,7,2,0.227,7989.0,Self-employed,Excellent,1
40,44705.0,4.3,11785.0,19804.0,5.3,2,2,0.395,27713.0,Employed,Good,1
50,41154.0,5.0,11125.0,26189.0,1.2,5,1,0.593,23776.0,Employed,Good,0
45,65292.0,3.1,41556.0,35114.0,0.8,0,2,0.149,58637.0,Employed,Good,0
64,59292.0,1.1,25002.0,22978.0,19.1,5,3,0.244,34302.0,Employed,Poor,1
50,68847.0,0.3,19727.0,12253.0,12.9,1,3,0.637,55671.0,Employed,,1
39,57901.0,0.0,43982.0,21034.0,12.4,1,1,0.121,2655.0,Employed,Excellent,0
64,73013.0,1.8,37807.0,24510.0,4.3,6,2,0.53,57292.0,Employed,Excellent,1
25,57081.0,8.5,15702.0,31642.0,7.0,1,0,0.369,46645.0,Employed,Average,1
65,72263.0,0.0,29246.0,28461.0,3.7,3,4,0.394,31668.0,Employed,Good,1
27,74158.0,0.5,31680.0,13057.0,1.8,7,3,0.436,29823.0,Self-employed,Good,0
33,37300.0,13.2,20019.0,17126.0,4.6,7,1,0.046,29904.0,Unemployed,Average,0
57,18000.0,3.5,10110.0,4896.0,12.3,3,0,0.397,6721.0,Employed,Good,1
54,88957.0,7.3,31674.0,10976.0,10.4,0,2,0.253,40392.0,Employed,Excellent,1
64,60646.0,8.6,33453.0,24619.0,3.1,2,0,0.544,19828.0,Employed,Excellent,1
54,18000.0,8.7,14143.0,12605.0,5.7,4,5,0.428,11896.0,Employed,Excellent,0
49,39296.0,0.0,25650.0,22027.0,10.0,2,2,0.314,34445.0,Self-employed,Excellent,0
36,71981.0,5.1,11741.0,13502.0,4.7,5,1,0.286,36700.0,Employed,Excellent,1
21,48847.0,0.0,32791.0,21256.0,7.3,7,2,0.562,27867.0,Employed,Good,0
26,43735.0,15.8,17946.0,15044.0,8.6,4,1,0.85,11998.0,Employed,Good,0
34,85819.0,0.0,500.0,31659.0,8.6,4,1,0.599,59895.0,Self-employed,Excellent,1
22,31960.0,1.8,12366.0,11801.0,8.0,4,0,0.538,16887.0,Self-employed,Excellent,1
43,37441.0,1.8,23705.0,6817.0,4.4,1,3,0.102,8158.0,Self-employed,Poor,0
55,59651.0,0.0,18646.0,19399.0,,4,0,0.419,8509.0,Employed,Excellent,1
64,63590.0,11.4,37207.0,43229.0,2.5,7,1,0.581,11243.0,Employed,Good,0
43,65920.0,15.7,18505.0,17104.0,0.8,5,2,0.204,10486.0,Employed,Good,1
60,75047.0,4.1,,39914.0,6.5,6,2,0.293,65045.0,Self-employed,Excellent,1
65,59369.0,0.7,15244.0,23688.0,10.3,6,0,0.678,41949.0,Employed,Excellent,1
59,65766.0,0.0,19592.0,31044.0,1.5,3,1,0.333,24068.0,Employed,Excellent,1
41,49297.0,5.0,26270.0,9529.0,8.1,2,4,0.744,9926.0,Employed,Poor,0
35,56379.0,4.7,37591.0,8141.0,10.1,7,1,0.868,6149.0,Employed,Good,0
65,57366.0,3.4,31201.0,14012.0,0.5,3,1,0.68,37529.0,Employed,Good,0
31,59732.0,6.9,14459.0,22142.0,5.9,5,2,0.147,7748.0,Employed,Average,0
39,71996.0,7.6,18860.0,50585.0,13.6,5,3,0.759,30332.0,Self-employed,Good,0
24,67213.0,7.3,11295.0,43912.0,9.2,0,0,0.137,58140.0,Employed,Good,1
56,55973.0,4.7,31486.0,1000.0,0.5,2,3,0.43,33844.0,Self-employed,Good,1
50,37199.0,1.6,6721.0,10006.0,9.6,2,0,0.337,21338.0,Employed,Good,1
24,56489.0,8.7,26958.0,10892.0,4.0,1,1,0.409,8685.0,Employed,Good,0
30,54384.0,6.1,33459.0,43708.0,9.8,6,1,0.569,20853.0,Employed,Average,0
45,59250.0,9.6,33945.0,8740.0,4.2,7,2,0.193,37848.0,Self-employed,Excellent,1
45,,9.2,27580.0,22698.0,6.8,7,1,0.665,82348.0,Employed,Excellent,1
57,43477.0,0.3,13810.0,18431.0,4.8,1,1,0.262,22662.0,Employed,Good,0
32,64290.0,0.3,30088.0,20324.0,7.0,3,1,0.433,36369.0,Employed,Excellent,1
62,78506.0,3.0,,14144.0,4.7,1,0,0.096,30810.0,Self-employed,Poor,0
41,57156.0,1.8,11612.0,25856.0,6.1,0,1,0.276,36076.0,Employed,Good,1
58,106433.0,9.0,72979.0,7810.0,2.3,4,3,0.22,2464.0,Employed,Excellent,0
31,46683.0,7.4,14994.0,3969.0,9.0,6,0,0.312,9471.0,Employed,Good,1
22,62130.0,10.4,24417.0,9531.0,7.7,0,1,0.293,36643.0,Employed,Average,0
23,37426.0,7.6,500.0,10898.0,0.5,5,1,0.281,0.0,Employed,Good,1
37,47266.0,6.8,12541.0,28118.0,11.0,0,1,0.389,9894.0,Employed,Good,1
63,60477.0,10.8,20958.0,22362.0,,6,1,0.073,8911.0,Employed,Average,1
23,73619.0,7.9,17132.0,37002.0,7.6,0,3,0.454,28152.0,Unemployed,Excellent,1
37,62020.0,6.3,28206.0,15825.0,10.1,3,0,0.81,40666.0,Employed,Good,1
25,82701.0,11.9,18831.0,43713.0,8.3,0,3,0.238,73865.0,Employed,Good,1
62,52911.0,6.5,34010.0,34270.0,11.7,3,1,0.654,6955.0,Employed,Average,0
51,47692.0,4.8,35164.0,7713.0,5.8,3,1,0.414,11695.0,Employed,Average,0
55,114488.0,2.6,25175.0,70000.0,11.1,4,1,0.59,87014.0,Self-employed,Poor,1
53,63673.0,8.8,11495.0,28154.0,7.5,6,4,0.283,15528.0,Self-employed,Excellent,1
50,39171.0,10.9,22651.0,23487.0,9.0,7,3,0.353,26536.0,Employed,Average,0
55,39726.0,5.8,28989.0,12539.0,8.6,2,1,0.626,12075.0,Self-employed,,0
21,34261.0,11.2,17096.0,21144.0,12.0,7,1,0.395,25540.0,Employed,Good,0
59,75605.0,0.0,4216.0,27418.0,9.9,3,2,0.23,16879.0,Unemployed,Poor,0
54,46984.0,5.8,5567.0,31982.0,5.2,0,1,0.269,39110.0,Employed,Average,1
54,57802.0,5.8,500.0,29175.0,4.4,4,1,0.502,30005.0,Self-employed,Average,1
38,53603.0,3.1,29137.0,16942.0,6.8,5,2,0.652,11680.0,Self-employed,Excellent,1
57,71093.0,15.5,38523.0,40181.0,4.0,2,1,0.56,32102.0,Employed,Excellent,1
38,36372.0,5.7,,20909.0,2.8,4,2,0.258,12515.0,Employed,Poor,0
23,,4.4,,23272.0,0.5,3,2,0.577,21199.0,Unemployed,Poor,0
61,59935.0,6.1,11534.0,7012.0,0.8,1,0,0.377,27593.0,Employed,Good,1
31,68221.0,0.0,24980.0,6969.0,14.9,3,2,0.199,9150.0,Employed,Good,1
25,62316.0,3.0,8198.0,7417.0,4.4,3,3,0.693,42894.0,Employed,Good,0
48,37192.0,9.9,9989.0,2460.0,14.6,2,0,0.29,5000.0,Employed,Excellent,1
31,69905.0,3.5,37214.0,41109.0,8.6,7,2,0.706,55960.0,Employed,Good,1
59,,2.7,19915.0,14211.0,6.8,3,1,0.564,30282.0,Self-employed,Poor,0
40,43526.0,11.2,13217.0,23952.0,1.0,5,1,0.724,13092.0,Self-employed,Good,0
21,34233.0,11.4,18606.0,15995.0,7.0,0,2,0.604,13859.0,Employed,Average,0
63,83625.0,8.1,38716.0,34478.0,14.6,2,3,0.671,45630.0,Unemployed,Good,0
44,68935.0,4.2,6433.0,10908.0,13.2,7,3,0.189,25165.0,Employed,Good,1
32,68310.0,5.0,9752.0,32559.0,8.1,7,0,0.542,40188.0,Employed,Good,1
51,82439.0,2.8,37795.0,36136.0,2.4,7,4,0.691,40593.0,Employed,Good,0
44,116878.0,2.0,33403.0,35055.0,3.2,0,1,0.167,58020.0,Employed,Average,1
22,18000.0,1.8,500.0,11384.0,3.6,6,0,0.476,14485.0,Employed,Good,1
55,38756.0,3.5,7346.0,19392.0,12.1,2,0,0.21,18830.0,Employed,Poor,0
39,41444.0,1.9,7510.0,5095.0,13.5,0,1,0.284,23832.0,Employed,Excellent,1
52,36282.0,0.0,17791.0,18487.0,7.8,0,1,0.633,5786.0,Employed,Poor,0
61,31293.0,6.9,14337.0,11385.0,5.8,6,1,0.609,15812.0,Employed,Good,0
48,48408.0,6.9,11562.0,12304.0,13.2,4,0,0.461,22726.0,Employed,Good,1
51,28235.0,12.8,14805.0,13607.0,3.1,4,1,0.063,13812.0,Employed,Excellent,1
32,62371.0,3.3,17125.0,5397.0,7.2,7,3,0.576,11363.0,Unemployed,Good,1
31,56137.0,7.2,9038.0,35213.0,8.9,0,0,0.832,28907.0,Self-employed,Good,0
39,65583.0,7.3,2986.0,43097.0,3.5,0,2,0.28,36083.0,Self-employed,Poor,0
59,66170.0,5.0,41189.0,15357.0,4.5,7,0,0.191,20025.0,Unemployed,Average,0
44,68266.0,9.0,51004.0,13364.0,4.1,4,2,0.484,1365.0,Self-employed,Excellent,0
36,46785.0,9.1,20370.0,10472.0,12.7,6,2,0.667,28990.0,Employed,Good,1
56,101665.0,7.3,5975.0,59378.0,14.7,4,2,0.395,2056.0,Employed,Good,1
59,60157.0,5.0,19939.0,24221.0,7.5,1,1,0.546,30338.0,Employed,Average,1
61,18000.0,4.6,1052.0,1000.0,5.9,4,4,0.592,5255.0,Employed,Average,1
34,32948.0,0.5,22768.0,11522.0,4.6,7,1,0.462,19912.0,,Excellent,0
52,18000.0,2.8,4348.0,1000.0,7.0,0,2,0.736,23812.0,Employed,Excellent,1
47,55381.0,3.5,47111.0,19946.0,4.8,1,1,0.571,36401.0,Employed,Excellent,0
41,52320.0,1.5,22902.0,19400.0,6.6,2,1,0.226,40729.0,Self-employed,Good,1
38,44695.0,7.8,15820.0,5238.0,8.7,3,1,0.618,36729.0,Employed,Excellent,1
26,99240.0,10.8,57833.0,57595.0,5.4,5,3,0.423,10514.0,Unemployed,Excellent,1
33,67078.0,2.4,10857.0,20349.0,6.2,1,3,0.187,32640.0,Self-employed,Average,1
45,70974.0,7.1,43845.0,31901.0,6.3,7,1,0.309,17025.0,Self-employed,Good,1
60,34516.0,1.9,6355.0,18161.0,5.7,1,0,0.09,0.0,Employed,Poor,0
59,33019.0,4.8,33551.0,20195.0,5.2,1,1,0.518,20734.0,Unemployed,Average,0
29,55810.0,3.2,24764.0,17146.0,10.0,7,1,0.49,46424.0,Employed,Good,1
51,58806.0,8.4,500.0,35369.0,0.5,3,2,0.328,35640.0,Self-employed,Excellent,1
24,18000.0,3.3,10615.0,6782.0,13.3,4,1,0.302,10997.0,Employed,Good,0
51,51033.0,10.0,500.0,31683.0,7.5,3,0,0.227,33645.0,Employed,Average,1
36,55310.0,5.0,6539.0,12772.0,9.4,2,0,0.364,33203.0,Employed,Good,1
41,50267.0,3.4,28976.0,23427.0,9.9,4,2,0.395,9092.0,Self-employed,Poor,0
53,37105.0,1.0,11581.0,6582.0,4.2,6,1,0.182,33690.0,Self-employed,Average,1
40,43130.0,7.0,23193.0,32087.0,3.3,0,3,0.557,36981.0,Employed,Good,0
57,51109.0,9.6,31659.0,34889.0,2.9,7,2,0.155,14452.0,Self-employed,Excellent,0
45,56998.0,7.1,28923.0,17861.0,6.0,1,4,0.44,5263.0,Employed,Good,0
65,68305.0,15.0,16486.0,21969.0,9.8,7,3,0.321,47454.0,Unemployed,Good,1
49,78779.0,11.7,14341.0,29193.0,4.7,7,3,0.928,55004.0,Employed,Good,1
34,48524.0,4.8,36958.0,8049.0,9.4,7,0,0.385,15718.0,Self-employed,Average,0
55,44965.0,4.7,6650.0,21345.0,,5,2,0.02,41157.0,Self-employed,Good,1
39,64628.0,7.9,29904.0,32139.0,5.5,7,6,0.385,25544.0,Employed,Excellent,1
45,68439.0,2.6,17016.0,20033.0,11.7,6,5,0.197,57296.0,Employed,Average,1
27,45448.0,10.7,13357.0,4537.0,6.3,5,0,0.495,27857.0,Employed,Good,1
26,72389.0,7.4,36761.0,44394.0,3.7,7,1,0.212,50223.0,Unemployed,Excellent,1
46,76551.0,7.0,47236.0,5963.0,4.4,2,1,0.259,56919.0,Employed,Good,1
29,83417.0,8.7,48670.0,37180.0,0.5,6,0,0.405,64546.0,Self-employed,Average,0
65,94123.0,12.9,68070.0,9452.0,3.0,7,1,0.712,30593.0,Unemployed,Good,0
59,35939.0,6.7,7254.0,2415.0,11.2,5,0,0.158,20304.0,Employed,Good,1
52,55306.0,5.5,22362.0,3633.0,4.7,0,0,0.754,35453.0,Employed,Average,1
54,55248.0,12.0,4779.0,16180.0,5.1,1,3,0.814,0.0,,Average,0
47,52842.0,9.9,27830.0,19950.0,0.5,1,0,0.31,27216.0,Employed,Excellent,1
23,40716.0,4.7,7422.0,13928.0,0.5,4,4,0.434,20339.0,Self-employed,Excellent,0
38,22318.0,6.0,8472.0,11785.0,11.8,3,2,0.508,13969.0,Employed,Good,0
43,57039.0,6.8,7643.0,23286.0,9.5,6,0,0.161,26692.0,Self-employed,Excellent,1
62,38096.0,7.4,17923.0,1000.0,1.8,2,3,0.544,6785.0,Employed,Poor,0
30,56892.0,0.6,32786.0,1000.0,4.5,1,0,0.431,8961.0,Self-employed,Excellent,1
43,37531.0,0.0,25994.0,14496.0,6.9,4,2,0.55,26551.0,Employed,Average,0
36,30808.0,2.5,7595.0,9001.0,2.2,1,4,0.565,6091.0,Employed,Poor,0
27,60155.0,2.1,47016.0,21884.0,,7,4,0.428,35976.0,Employed,Good,0
25,58320.0,3.4,2633.0,17343.0,6.4,0,2,0.135,30119.0,Self-employed,Good,1
37,67744.0,8.5,20626.0,31517.0,9.3,3,2,0.424,13611.0,Employed,Excellent,1
24,103089.0,5.3,20914.0,8847.0,9.4,7,1,0.248,28004.0,Employed,Good,1
24,61100.0,6.8,16310.0,33699.0,10.5,4,3,0.436,13715.0,Self-employed,Poor,0
36,65672.0,1.1,,9457.0,0.8,6,0,0.201,56567.0,Employed,Poor,0
30,31294.0,4.2,6047.0,12566.0,7.2,3,2,0.603,28091.0,Employed,Good,1
45,26688.0,8.3,8282.0,7474.0,5.9,6,1,0.407,0.0,Employed,Average,1
21,89822.0,8.4,45623.0,44695.0,6.7,5,0,0.714,11980.0,Employed,Average,0
34,34683.0,3.1,27409.0,8755.0,6.2,4,2,0.744,19184.0,Employed,Good,0
41,32033.0,6.6,17056.0,10412.0,4.4,0,3,0.32,8287.0,Employed,Average,0
64,54140.0,14.8,29573.0,4762.0,0.5,7,0,0.182,20236.0,Employed,Excellent,1
49,53016.0,5.9,11893.0,19531.0,11.6,0,0,0.345,19126.0,Employed,Poor,0
60,35145.0,3.2,24503.0,4648.0,8.3,2,0,0.214,16654.0,Employed,Average,0
36,48291.0,5.3,500.0,1000.0,1.1,5,4,0.066,10925.0,Employed,Good,1
41,82046.0,6.4,23742.0,37584.0,8.9,6,3,0.219,74857.0,Employed,Good,1
39,37268.0,5.4,1520.0,1000.0,5.2,4,0,0.049,17063.0,Employed,Poor,1
60,24339.0,5.9,15451.0,8255.0,5.3,3,2,0.149,18465.0,Employed,Excellent,0
64,75737.0,0.2,19426.0,39485.0,3.9,3,3,0.461,64331.0,Self-employed,Good,1
64,65831.0,2.1,28599.0,36662.0,,7,2,0.558,26228.0,Employed,Good,0
54,41349.0,5.4,20018.0,17643.0,3.8,2,1,0.543,584.0,Self-employed,Good,0
43,20192.0,5.3,3623.0,5421.0,2.6,6,6,0.498,2836.0,Employed,Excellent,0
45,38618.0,3.7,18895.0,9955.0,11.5,0,1,0.488,24969.0,Employed,Good,0
65,53797.0,5.3,4880.0,26162.0,6.3,5,1,0.635,31504.0,Self-employed,Poor,0
33,80645.0,6.2,26639.0,18400.0,6.4,5,2,0.147,40432.0,,Average,1
36,32195.0,9.6,15878.0,18865.0,9.8,5,1,0.119,5610.0,Unemployed,Average,0
61,53141.0,5.6,17765.0,5316.0,4.3,3,0,0.664,11646.0,Employed,Good,0
38,69853.0,7.6,7119.0,52965.0,5.1,5,1,0.084,25504.0,Employed,Average,1
31,18000.0,3.8,4987.0,4580.0,8.2,3,2,0.466,5726.0,Employed,Good,0
46,77743.0,8.3,19114.0,30976.0,0.8,4,1,0.441,25427.0,Self-employed,Average,0
35,28986.0,7.5,5443.0,4515.0,7.9,7,1,0.397,19247.0,Employed,Average,1
61,62304.0,9.5,10918.0,9041.0,4.0,5,1,0.261,40451.0,Employed,Excellent,1
61,60427.0,8.9,18139.0,10846.0,10.4,5,2,0.264,37317.0,Unemployed,Poor,0
34,78861.0,8.4,24484.0,39249.0,9.2,7,3,0.235,44136.0,Employed,Poor,0
44,67120.0,5.6,35952.0,25337.0,8.7,1,1,0.79,40491.0,Employed,Good,0
65,18000.0,7.0,1763.0,5540.0,0.6,4,1,0.22,0.0,Employed,Poor,0
54,37735.0,10.3,25286.0,10130.0,6.6,5,2,0.738,22795.0,Employed,Average,0
30,58041.0,3.4,13872.0,24959.0,2.3,5,1,0.814,4445.0,Employed,Excellent,0
47,50710.0,3.5,19912.0,15608.0,6.9,1,0,0.448,35218.0,Employed,Excellent,1
48,65507.0,6.7,47315.0,13330.0,0.5,6,2,0.182,27726.0,Unemployed,Average,0
50,72366.0,7.7,23080.0,39406.0,0.8,1,2,0.261,31993.0,Employed,Average,0
22,68386.0,2.7,5334.0,21595.0,11.8,3,1,0.363,55260.0,Employed,Excellent,1
34,50286.0,5.7,19742.0,18635.0,8.5,5,0,0.599,19583.0,Employed,Good,1
59,18000.0,5.6,18162.0,13704.0,5.6,2,2,0.535,1270.0,Employed,Good,0
31,44979.0,0.0,30658.0,17112.0,3.4,1,2,0.061,35806.0,Employed,Good,0
34,64160.0,5.1,6955.0,38755.0,2.7,5,1,0.363,23920.0,Employed,Excellent,1
35,31010.0,5.4,15240.0,13373.0,7.8,2,2,0.302,18157.0,Self-employed,Excellent,1
28,,5.4,25386.0,26558.0,5.6,6,1,0.276,19206.0,Employed,Average,0
27,74985.0,11.7,15490.0,15451.0,13.2,7,5,0.715,35595.0,Self-employed,Excellent,1
36,,1.1,28808.0,3644.0,6.3,2,0,0.475,28294.0,Self-employed,Good,0
60,18000.0,2.7,12704.0,4669.0,7.2,5,1,0.174,20281.0,Employed,Good,1
21,26882.0,0.0,14483.0,1180.0,1.4,1,2,0.576,16624.0,Self-employed,Poor,0
33,96496.0,4.1,59647.0,10866.0,5.6,7,5,0.382,43593.0,Self-employed,Poor,0
23,42976.0,4.4,11609.0,15527.0,7.7,1,1,0.713,24563.0,Employed,Poor,0
46,18000.0,4.0,10623.0,6022.0,5.5,7,7,0.456,13702.0,Employed,Good,0
32,82175.0,10.4,21845.0,13900.0,5.1,6,1,0.461,4204.0,Employed,Excellent,1
56,55294.0,9.4,4436.0,16476.0,8.3,2,0,0.212,37622.0,Employed,Good,1
47,,6.3,26186.0,47046.0,13.1,6,3,0.666,2526.0,Self-employed,Good,1
56,61093.0,4.5,36935.0,26267.0,,5,1,0.489,15605.0,Employed,Excellent,1
49,65088.0,10.1,24515.0,38111.0,11.6,5,2,0.31,48340.0,Employed,Excellent,1
40,62986.0,5.9,6709.0,28087.0,9.5,3,1,0.459,51442.0,Employed,Good,1
59,70345.0,2.7,41499.0,11040.0,11.3,1,3,0.06,60019.0,Unemployed,Good,1
42,105103.0,0.0,68755.0,27843.0,4.6,5,1,0.407,55060.0,Employed,,1
63,76362.0,4.2,50825.0,45227.0,6.2,0,1,0.604,8878.0,Employed,Poor,0
65,20233.0,9.0,7185.0,7629.0,6.2,2,0,0.448,2861.0,Employed,Good,1
47,64827.0,15.1,24157.0,34271.0,9.2,1,0,0.461,26762.0,Unemployed,Excellent,1
51,80113.0,6.2,36395.0,49092.0,10.2,0,1,0.484,37801.0,Employed,Good,0
32,81459.0,2.9,,13882.0,7.5,0,2,0.609,44103.0,Employed,Good,0
57,45615.0,1.3,32429.0,7549.0,10.5,0,0,0.53,32859.0,Employed,Poor,0
51,80629.0,8.2,48606.0,31187.0,4.7,7,0,0.502,19461.0,Employed,Good,0
61,75410.0,0.0,28772.0,5085.0,10.5,6,3,0.402,9853.0,Employed,Good,1
33,111595.0,8.2,13448.0,44900.0,11.1,7,0,0.287,21791.0,Self-employed,Average,1
56,38500.0,9.3,20702.0,15607.0,9.7,0,0,0.714,34114.0,Self-employed,Good,1
42,43837.0,7.7,1663.0,20908.0,7.5,7,1,0.353,17050.0,Employed,Good,1
29,48265.0,5.1,1178.0,13642.0,9.9,4,1,0.258,8935.0,Unemployed,Excellent,1
28,44215.0,8.3,19468.0,24832.0,3.4,6,2,0.306,25967.0,Employed,Good,1
46,35420.0,6.7,22923.0,5924.0,7.8,6,1,0.265,11069.0,Employed,Excellent,1
35,18000.0,2.9,2854.0,12793.0,8.2,2,2,0.408,10328.0,Employed,Average,1
25,45437.0,13.4,32669.0,12671.0,1.7,5,3,0.198,35969.0,Employed,Excellent,0
40,63126.0,4.6,40476.0,34806.0,8.9,5,1,0.364,23778.0,Employed,Excellent,1
50,44149.0,9.1,18161.0,11734.0,2.0,3,1,0.711,11833.0,Employed,Good,0
35,97578.0,0.0,40906.0,24606.0,5.3,3,2,0.475,30657.0,Employed,Good,1
63,55294.0,11.1,500.0,25520.0,7.2,1,3,0.38,11529.0,Unemployed,Good,0
56,83403.0,11.9,,20380.0,4.1,1,1,0.113,65798.0,Employed,Poor,0
44,60751.0,6.1,7898.0,16484.0,7.3,7,1,0.469,40805.0,Employed,Good,1
63,73181.0,8.2,9197.0,38423.0,7.3,5,1,0.036,38837.0,Employed,Poor,0
40,61143.0,8.2,7554.0,31307.0,3.7,4,0,0.588,31548.0,Self-employed,Good,1
27,85113.0,3.4,48874.0,16867.0,9.3,5,4,0.112,16094.0,Employed,Good,0
22,56231.0,8.2,30438.0,21026.0,3.9,3,1,0.103,17563.0,Employed,Good,0
63,65915.0,2.8,47207.0,30300.0,16.2,1,1,0.525,17018.0,Self-employed,Good,0
64,63059.0,3.6,47289.0,41755.0,6.6,7,2,0.399,45058.0,Employed,Excellent,0
54,48658.0,10.5,29702.0,15952.0,2.3,7,1,0.641,29449.0,Self-employed,Excellent,0
25,63910.0,9.9,12748.0,6630.0,3.1,1,4,0.599,23762.0,Employed,Average,0
34,104156.0,3.2,66764.0,62682.0,11.6,6,2,0.093,71307.0,Self-employed,Average,1
22,49051.0,3.1,27769.0,15734.0,5.4,3,1,0.411,12674.0,Employed,Excellent,0
23,64228.0,3.4,40206.0,11823.0,1.5,5,1,0.258,8619.0,Unemployed,Excellent,0
32,82671.0,8.9,17211.0,38864.0,10.4,0,1,0.393,9842.0,Employed,Excellent,1
46,80086.0,2.0,10020.0,17057.0,5.3,3,1,0.325,20744.0,Employed,Good,1
23,55258.0,7.4,35718.0,22491.0,9.6,0,1,0.422,17440.0,,Excellent,1
65,18000.0,9.0,6795.0,1000.0,10.7,6,1,0.866,20397.0,Employed,Average,0
41,66367.0,5.6,29014.0,31539.0,8.1,3,1,0.454,19095.0,Employed,Excellent,1
32,18000.0,10.0,7484.0,10271.0,16.6,2,2,0.082,11302.0,Employed,Average,0
44,87339.0,4.8,16910.0,54620.0,0.5,5,2,0.138,3363.0,Employed,Average,0
56,58728.0,5.1,7929.0,32003.0,3.7,7,1,0.158,10587.0,Employed,Excellent,1
35,76993.0,2.1,55004.0,37698.0,6.0,2,2,0.421,11502.0,Employed,Average,0
23,35154.0,10.1,23437.0,8147.0,16.0,5,4,0.223,8011.0,Employed,Poor,0
23,20845.0,2.9,9224.0,12082.0,14.2,5,2,0.373,12794.0,Employed,Good,0
59,60737.0,7.4,14316.0,32038.0,12.2,3,1,0.572,17078.0,Self-employed,Good,0
26,54261.0,5.7,8568.0,20329.0,3.8,6,0,0.259,2735.0,Employed,Good,1
49,44186.0,1.8,13770.0,11837.0,4.3,1,3,0.391,24293.0,Employed,Good,1
38,56863.0,3.6,17888.0,4958.0,3.7,7,1,0.154,51963.0,Employed,Poor,0
55,115884.0,11.5,5100.0,39312.0,3.9,3,1,0.152,10465.0,Employed,Good,1
23,73360.0,6.8,45813.0,36893.0,13.0,0,1,0.126,49043.0,Employed,Average,1
61,78089.0,2.0,57907.0,18517.0,6.0,7,0,0.653,36651.0,Employed,Good,1
52,73567.0,7.2,23447.0,21822.0,6.6,6,0,0.429,46253.0,Employed,Good,1
41,87548.0,5.4,25187.0,31664.0,10.1,6,1,0.591,62777.0,Self-employed,Good,1
30,50818.0,19.8,10435.0,2028.0,0.5,1,2,0.659,25333.0,Employed,Average,0
64,18000.0,7.1,3087.0,15278.0,7.2,6,3,0.544,16225.0,Employed,Good,0
34,50851.0,4.5,14030.0,13248.0,2.6,5,2,0.731,11897.0,Employed,Good,1
43,72858.0,11.7,30278.0,13757.0,5.8,7,1,0.364,40272.0,Employed,Poor,0
38,33664.0,0.0,8710.0,2950.0,4.7,2,1,0.38,21622.0,Employed,Good,1
31,51120.0,6.4,23047.0,30225.0,4.4,7,3,0.339,41085.0,Employed,Average,0
39,39781.0,14.0,23752.0,16359.0,7.9,5,1,0.406,20379.0,Unemployed,Excellent,0
27,88045.0,5.5,13731.0,8326.0,7.9,2,3,0.261,77463.0,Employed,Average,1
21,71488.0,0.0,7926.0,9317.0,6.1,1,1,0.358,43467.0,Employed,Good,1
34,69334.0,4.4,8594.0,26382.0,8.5,7,2,0.683,35845.0,Self-employed,Excellent,1
26,68675.0,11.8,13679.0,9314.0,3.5,5,2,0.752,53810.0,Self-employed,Excellent,1
39,54181.0,7.5,21912.0,27557.0,9.7,0,1,0.195,42366.0,Employed,Good,1
59,59346.0,2.6,41259.0,5824.0,6.2,1,2,0.16,34433.0,Employed,Average,0
28,28926.0,3.3,17428.0,15039.0,5.1,6,1,0.822,25198.0,Employed,Good,0
21,18000.0,3.8,11516.0,4566.0,3.8,1,0,0.384,1182.0,Employed,Good,0
25,58302.0,7.4,17324.0,22077.0,6.0,1,1,0.126,49868.0,Employed,Good,1
43,62128.0,11.4,8930.0,12973.0,14.5,4,0,0.5,52533.0,Employed,Poor,1
33,81604.0,10.2,17326.0,5930.0,6.7,6,2,0.315,52647.0,Unemployed,Excellent,1
43,89569.0,7.8,24113.0,8325.0,2.4,2,1,0.181,17145.0,Employed,Good,1
22,89540.0,0.7,59373.0,10710.0,10.7,5,2,0.428,23560.0,Self-employed,Poor,0
35,33043.0,0.7,11270.0,6296.0,5.1,5,0,0.396,5381.0,Employed,Good,1
39,47250.0,8.1,16869.0,33225.0,8.1,4,2,0.438,11022.0,Employed,Poor,0
40,65567.0,0.6,11884.0,11914.0,4.6,5,2,0.32,36021.0,Self-employed,Good,1
45,110702.0,5.1,13856.0,23956.0,12.1,1,2,0.672,81370.0,Employed,Average,1
56,87562.0,7.2,57062.0,10632.0,4.6,4,2,0.587,57453.0,Employed,Average,0
42,79627.0,1.4,4532.0,45113.0,12.6,0,0,0.443,32297.0,Employed,Excellent,1
58,46469.0,1.9,6867.0,34018.0,2.8,5,1,0.444,41838.0,Employed,Good,0
44,35570.0,5.6,12247.0,21412.0,5.8,6,1,0.443,29627.0,Self-employed,Good,1
32,72356.0,8.0,41885.0,31372.0,12.6,6,3,0.474,38454.0,Employed,Excellent,1
31,30785.0,10.2,9928.0,21234.0,7.7,0,0,0.341,9540.0,,Good,0
35,49754.0,8.4,19656.0,13659.0,16.1,7,1,0.537,29940.0,Employed,Average,0
47,52475.0,6.3,20989.0,28317.0,5.9,3,3,0.526,21064.0,Self-employed,Excellent,1
31,90044.0,3.0,13315.0,47192.0,8.0,0,2,0.279,9081.0,Employed,Good,1
62,47197.0,1.7,30222.0,1000.0,14.6,4,2,0.593,22547.0,Employed,Excellent,1
42,18000.0,4.0,500.0,5556.0,0.9,4,0,0.318,9399.0,Self-employed,Excellent,1
59,66098.0,7.6,500.0,9888.0,0.5,3,0,0.195,28221.0,Employed,Good,1
51,39622.0,7.3,18548.0,7619.0,3.8,5,2,0.759,34588.0,Employed,Excellent,1
36,55938.0,0.0,8256.0,33101.0,10.3,4,0,0.339,48522.0,Self-employed,Good,1
31,53092.0,2.9,500.0,7911.0,0.6,1,4,0.51,28346.0,Employed,,1
54,48979.0,10.8,28605.0,18204.0,9.4,4,0,0.648,4962.0,Employed,Poor,0
35,72387.0,6.3,35003.0,53195.0,9.1,2,1,0.276,7174.0,Employed,Average,0
32,21277.0,0.3,3791.0,1714.0,15.1,0,2,0.323,11750.0,Self-employed,Excellent,1
62,43626.0,15.4,18786.0,7705.0,11.2,2,1,0.479,29235.0,Employed,Excellent,1
42,70049.0,5.9,41856.0,26792.0,8.5,7,2,0.46,25845.0,Employed,Good,0
23,41490.0,7.5,,26684.0,12.4,4,0,0.235,0.0,Employed,Excellent,1
43,19606.0,7.6,1408.0,4596.0,9.2,2,4,0.429,7575.0,Employed,Average,1
41,69708.0,4.5,33041.0,13118.0,5.2,2,2,0.652,22305.0,Employed,Good,0
59,79708.0,3.1,34042.0,30249.0,2.4,6,2,0.484,42651.0,Self-employed,Good,0
53,54010.0,14.5,35587.0,28342.0,4.7,5,1,0.379,16346.0,Self-employed,Average,0
29,18000.0,10.0,11646.0,8087.0,6.8,6,0,0.201,7097.0,Self-employed,Average,0
27,70531.0,9.3,2830.0,22266.0,7.7,4,1,0.668,33949.0,Self-employed,Good,1
48,18482.0,8.3,12192.0,16673.0,,7,0,0.638,7848.0,Employed,Good,0
23,61794.0,2.0,28956.0,11012.0,6.1,5,2,0.841,10600.0,Employed,Good,0
35,35476.0,11.1,5138.0,1000.0,7.1,3,1,0.558,1473.0,Employed,Good,0
27,29484.0,2.6,15132.0,7551.0,9.2,2,1,0.347,13645.0,Employed,Excellent,1
21,45278.0,7.1,6138.0,4550.0,13.5,0,0,0.304,32274.0,Employed,Good,1
62,50967.0,0.0,34957.0,6772.0,7.7,6,6,0.056,11029.0,Employed,Good,0
25,40827.0,0.0,17724.0,15327.0,3.4,7,2,0.307,3406.0,Self-employed,Excellent,0
21,67951.0,7.3,25592.0,26425.0,0.5,5,1,0.66,36199.0,Employed,Good,1
62,45186.0,2.8,22963.0,19414.0,9.7,3,2,0.316,27185.0,Employed,Average,0
29,76564.0,0.0,55432.0,23054.0,3.5,1,1,0.55,62698.0,Unemployed,Good,0
57,61186.0,8.2,12012.0,25967.0,10.5,5,2,0.351,39551.0,Employed,Poor,0
22,39654.0,14.5,14679.0,15073.0,12.6,1,3,0.632,6476.0,Employed,Good,0
27,35949.0,11.6,11710.0,19745.0,0.8,4,2,0.271,31749.0,Employed,Poor,0
25,18755.0,5.0,500.0,5176.0,9.2,2,1,0.631,13902.0,Employed,Excellent,1
52,61396.0,6.0,16761.0,27105.0,12.2,6,2,0.571,23813.0,Employed,Good,0
48,47199.0,9.6,11734.0,18836.0,11.1,7,2,0.29,10597.0,Unemployed,Excellent,1
42,18000.0,10.5,4768.0,4462.0,0.5,1,1,0.27,7504.0,Self-employed,Excellent,0
31,43214.0,4.6,14558.0,4487.0,3.6,2,1,0.563,33751.0,Self-employed,Excellent,1
24,35177.0,6.1,21784.0,30264.0,1.9,7,2,0.722,12042.0,Self-employed,Good,0
46,89665.0,7.2,27623.0,46155.0,9.1,0,2,0.318,36163.0,Employed,Excellent,1
31,18000.0,8.2,4662.0,1000.0,8.7,4,0,0.579,14817.0,Unemployed,Excellent,0
47,23290.0,5.5,16131.0,2205.0,0.5,1,3,0.488,14967.0,Employed,Good,0
51,79419.0,5.5,1828.0,38944.0,5.8,3,2,0.286,7335.0,Employed,Average,0
59,84849.0,11.5,500.0,27270.0,10.2,0,3,0.891,3369.0,Unemployed,Good,1
43,38610.0,10.8,12312.0,21752.0,7.6,1,2,0.422,32920.0,Employed,Excellent,1
21,41094.0,7.9,18002.0,13808.0,7.6,3,2,0.725,25728.0,Employed,Excellent,1
33,68557.0,12.9,17513.0,4787.0,5.5,0,2,0.692,0.0,Self-employed,Average,1
59,18000.0,4.5,3652.0,3830.0,2.8,6,2,0.71,0.0,Employed,Average,0
44,18000.0,12.5,10574.0,8127.0,6.9,4,1,0.664,15166.0,Employed,Good,0
48,48824.0,8.2,10662.0,6080.0,7.2,3,1,0.121,23016.0,Employed,Good,1
41,89098.0,19.1,7009.0,38214.0,9.5,3,1,0.286,23075.0,Employed,Excellent,1
28,45414.0,1.2,13494.0,13341.0,9.8,6,0,0.14,20293.0,Employed,Good,1
61,57221.0,3.2,8515.0,18539.0,7.3,6,1,0.384,33767.0,Employed,Average,1
55,79943.0,7.7,19846.0,28716.0,11.4,0,0,0.379,6091.0,Employed,Average,0
65,101351.0,7.6,55474.0,14525.0,5.5,5,2,0.693,26961.0,Employed,Good,0
59,42309.0,13.8,21429.0,15236.0,1.2,3,2,0.544,36744.0,Employed,Average,0
34,54630.0,3.3,11840.0,29656.0,8.9,6,2,0.713,43401.0,Employed,Good,0
32,95085.0,9.6,30900.0,8877.0,7.5,6,1,0.277,25491.0,Employed,Average,1
32,21512.0,10.6,4426.0,6876.0,9.0,5,4,0.373,18739.0,Employed,Average,0
62,77607.0,8.8,51428.0,35463.0,1.9,5,0,0.19,36522.0,Employed,Average,0
46,32597.0,2.2,16184.0,15642.0,14.2,1,2,0.17,33486.0,Employed,Excellent,1
41,57254.0,11.6,5890.0,16769.0,9.8,6,2,0.435,50870.0,Self-employed,Good,1
64,49662.0,10.9,17695.0,26005.0,5.8,5,4,0.657,30847.0,Employed,Good,0
48,33924.0,8.4,7578.0,5184.0,3.3,2,2,0.473,2102.0,Employed,Good,1
61,33372.0,6.8,6400.0,5158.0,11.3,1,2,0.339,76.0,Employed,Good,1
65,61081.0,6.9,6395.0,23988.0,,4,3,0.429,28060.0,Employed,Average,0
24,76902.0,5.7,37567.0,34639.0,16.0,2,3,0.44,33249.0,Employed,Good,0
37,52146.0,8.6,24010.0,29972.0,4.5,5,2,0.301,26509.0,Employed,Good,0
54,56542.0,6.1,24096.0,8229.0,13.9,3,2,0.249,19868.0,Employed,Good,1
57,,2.6,48553.0,23322.0,6.3,1,2,0.074,50012.0,Employed,Good,0
27,33624.0,1.8,8483.0,21675.0,13.3,3,1,0.218,24242.0,Employed,Excellent,1
35,71273.0,3.0,51773.0,9801.0,4.1,6,2,0.63,15313.0,Unemployed,Excellent,0
45,73026.0,6.9,39793.0,30082.0,7.1,6,0,0.226,38175.0,Employed,Average,0
56,112280.0,5.9,67442.0,44583.0,10.2,2,0,0.393,76228.0,Employed,Excellent,1
26,46726.0,6.9,24096.0,10640.0,9.6,6,0,0.208,29411.0,Employed,Good,1
48,44922.0,8.0,7318.0,14847.0,11.4,0,0,0.208,40531.0,Employed,Good,1
34,71917.0,3.5,17202.0,11145.0,5.1,7,1,0.552,37467.0,Self-employed,Good,1
30,73020.0,11.9,23620.0,38950.0,,6,1,0.166,26827.0,Employed,Poor,0
44,43228.0,4.9,9784.0,1407.0,12.0,0,0,0.293,21923.0,Employed,Average,1
39,46130.0,4.3,12092.0,3498.0,4.2,5,0,0.166,16099.0,Employed,Excellent,1
49,66905.0,7.9,3057.0,6598.0,9.3,3,0,0.425,21317.0,Self-employed,Good,1
35,36793.0,0.0,500.0,1000.0,6.1,7,1,0.356,20818.0,Employed,Excellent,1
58,45968.0,2.8,38042.0,7922.0,7.8,1,2,0.563,24045.0,Employed,Average,0
24,56971.0,9.9,26861.0,18471.0,7.3,7,0,0.573,20555.0,Employed,Good,0
59,76911.0,0.0,36343.0,3841.0,3.8,6,2,0.747,30675.0,Employed,Excellent,1
22,41699.0,10.5,15922.0,5244.0,6.0,2,5,0.313,6304.0,Employed,Good,0
54,18000.0,12.0,7504.0,1255.0,7.6,3,2,0.483,2915.0,Employed,Good,1
36,18000.0,4.5,6627.0,3506.0,6.6,5,1,0.224,8867.0,Unemployed,Poor,0
38,27293.0,7.2,8372.0,1000.0,13.3,1,3,0.345,5988.0,Employed,Excellent,1
21,26110.0,10.5,15756.0,8517.0,11.0,7,1,0.224,25095.0,Employed,Poor,0
52,51599.0,4.1,14160.0,20624.0,8.2,1,2,0.434,49785.0,Unemployed,Excellent,1
28,28845.0,9.5,9990.0,9501.0,3.9,1,1,0.761,8658.0,Employed,Excellent,1
50,39539.0,3.3,21768.0,11089.0,3.7,4,0,0.479,26183.0,,Average,0
53,37970.0,4.1,29481.0,20424.0,14.9,3,1,0.523,39845.0,Employed,Good,0
59,45309.0,2.8,17624.0,13323.0,3.0,0,2,0.077,8986.0,,Average,0
52,84095.0,7.4,23558.0,4882.0,7.5,7,6,0.63,15731.0,Employed,Good,1
34,69563.0,10.6,20423.0,25076.0,8.4,1,0,0.192,12073.0,Employed,Good,0
54,55355.0,5.3,22117.0,25602.0,5.8,0,1,0.76,22198.0,Employed,Excellent,1
58,44857.0,0.9,30831.0,15852.0,3.0,4,2,0.319,21223.0,Employed,Poor,0
35,45469.0,1.7,13768.0,9685.0,3.9,7,1,0.437,20964.0,Self-employed,Average,0
26,62210.0,7.6,21347.0,28373.0,4.8,0,0,0.503,24589.0,Employed,Good,1
61,67852.0,13.4,16893.0,9280.0,4.2,3,3,0.638,18313.0,Employed,Average,0
27,35032.0,7.6,14184.0,23651.0,12.3,7,3,0.667,13903.0,Employed,Excellent,0
47,55803.0,4.5,9795.0,3821.0,7.0,7,1,0.324,4703.0,Employed,Average,1
31,18000.0,9.1,7618.0,1000.0,4.9,1,1,0.394,0.0,Self-employed,Good,0
26,59658.0,5.0,40850.0,7269.0,,4,2,0.346,14961.0,Employed,Average,1
55,71767.0,4.5,37388.0,17977.0,9.7,6,1,0.213,14763.0,Employed,Average,0
27,48838.0,2.2,15575.0,31768.0,5.6,5,4,0.689,1257.0,Employed,Good,0
51,94964.0,11.6,,49951.0,10.6,5,1,0.839,65921.0,Self-employed,Average,0
52,35613.0,0.0,19683.0,21764.0,1.9,6,1,0.621,10608.0,Employed,Average,0
23,59784.0,9.2,16669.0,17285.0,11.7,3,1,0.564,35468.0,Employed,Excellent,1
28,54212.0,4.1,25586.0,15178.0,7.0,0,4,0.141,47078.0,Employed,Average,0
56,52793.0,4.4,29826.0,11799.0,6.8,5,2,0.164,23377.0,Self-employed,Good,0
43,52485.0,12.8,31749.0,4876.0,4.2,5,0,0.483,7209.0,Self-employed,Average,0
26,57356.0,3.1,16608.0,34494.0,2.1,6,2,0.698,31773.0,Employed,Average,0
65,73655.0,3.3,22217.0,27230.0,0.5,7,1,0.242,8568.0,Employed,Excellent,1
32,85310.0,5.5,34414.0,25842.0,3.9,2,2,0.794,67354.0,Employed,Excellent,1
21,54950.0,7.7,6656.0,16477.0,9.4,7,2,0.184,30954.0,Employed,Excellent,1
62,72937.0,4.2,29632.0,39040.0,3.2,0,1,0.263,32915.0,Employed,Average,0
21,39561.0,0.0,19057.0,3703.0,0.8,7,3,0.598,11367.0,Employed,Average,0
45,71851.0,2.5,5824.0,37971.0,3.4,1,0,0.3,49698.0,Employed,Average,1
65,,11.1,19248.0,17817.0,5.5,5,2,0.102,32306.0,Employed,Average,1
47,78995.0,6.3,59776.0,43075.0,5.6,5,3,0.722,11134.0,Employed,Good,0
47,,7.8,40977.0,7339.0,6.5,5,0,0.041,65934.0,Employed,Good,1
38,52314.0,5.0,20909.0,7697.0,11.1,7,3,0.561,18436.0,Self-employed,Poor,0
26,18000.0,3.4,500.0,1000.0,12.0,4,0,0.478,16337.0,Employed,Excellent,1
46,42942.0,12.7,6976.0,20346.0,15.0,1,0,0.686,36781.0,Self-employed,Good,1
61,82101.0,5.2,9550.0,55349.0,0.5,4,0,0.78,20661.0,Self-employed,Good,0
25,67168.0,4.2,38878.0,27626.0,3.6,2,4,0.448,13781.0,Self-employed,Excellent,0
60,60476.0,10.4,23758.0,4836.0,,4,2,0.794,15812.0,Self-employed,Good,1
39,77191.0,3.1,21831.0,13641.0,5.2,3,3,0.304,49806.0,Self-employed,Good,1
45,65658.0,3.6,6308.0,26516.0,10.4,0,3,0.369,8495.0,Employed,Good,1
28,81790.0,6.0,46539.0,11338.0,7.8,5,0,0.579,25479.0,Employed,,1
48,75227.0,6.0,7826.0,24719.0,13.3,0,1,0.329,56232.0,Self-employed,Good,1
29,88477.0,7.0,53391.0,52241.0,11.2,2,0,0.467,0.0,Employed,Excellent,1
33,62894.0,14.4,24943.0,10976.0,11.2,4,1,0.445,7810.0,,Average,0
53,74916.0,7.3,43615.0,17827.0,5.4,7,2,0.383,48650.0,Employed,Good,0
23,48243.0,0.0,4006.0,3879.0,6.6,2,2,0.495,24946.0,Employed,Average,1
41,41768.0,7.3,5078.0,13980.0,5.8,2,0,0.73,19119.0,Employed,Good,1
47,92549.0,6.2,36214.0,45336.0,1.0,2,1,0.211,29382.0,Employed,Excellent,1
26,59757.0,6.2,32775.0,12948.0,12.9,4,2,0.501,35145.0,Employed,Average,0
34,72707.0,7.0,13639.0,15894.0,10.0,1,0,0.306,36752.0,Employed,Excellent,1
36,57722.0,5.9,19581.0,1806.0,5.6,4,2,0.683,30383.0,Employed,Good,1
50,42097.0,5.8,19318.0,5434.0,12.2,6,1,0.508,40415.0,Self-employed,Good,1
64,55242.0,8.5,6708.0,26316.0,4.5,0,1,0.77,12038.0,Self-employed,Average,0
58,86592.0,3.8,34415.0,33075.0,0.5,7,1,0.26,34654.0,Employed,Average,0
29,67215.0,2.2,6130.0,26714.0,11.0,4,2,0.147,57110.0,Employed,,1
21,18000.0,18.1,5882.0,4505.0,1.9,5,4,0.214,215.0,Self-employed,Average,0
23,50265.0,3.1,1590.0,9565.0,6.2,4,1,0.866,38113.0,Employed,Good,1
47,94210.0,6.4,36536.0,26569.0,7.8,7,2,0.459,49682.0,Employed,Average,0
28,50296.0,0.0,12823.0,5496.0,8.5,5,1,0.436,3780.0,Employed,Poor,0
31,18000.0,6.5,3452.0,9457.0,10.4,7,1,0.33,144.0,Self-employed,Good,1
59,96647.0,2.3,37672.0,12221.0,9.3,2,1,0.652,22211.0,Employed,Good,1
60,70013.0,4.2,47760.0,21138.0,9.2,1,0,0.224,54005.0,Employed,Average,1
58,53460.0,10.2,25258.0,7064.0,3.8,5,1,0.388,40375.0,Employed,Good,1
32,46829.0,7.9,28392.0,26207.0,8.2,1,1,0.491,21411.0,Unemployed,Average,0
48,78812.0,8.3,16293.0,11352.0,1.0,0,6,0.634,13358.0,Self-employed,Good,0
48,43076.0,0.0,10519.0,28816.0,13.2,1,1,0.465,21577.0,Employed,Poor,0
29,80262.0,13.3,8204.0,8910.0,1.4,2,2,0.702,27480.0,Unemployed,Excellent,1
45,66928.0,1.2,25907.0,37958.0,5.6,0,0,0.196,12543.0,Employed,Average,0
44,60383.0,12.1,29638.0,18786.0,1.7,5,0,0.308,12339.0,Self-employed,Good,0
38,58201.0,10.1,39131.0,8192.0,4.1,4,0,0.668,30313.0,Self-employed,Average,0
54,51151.0,8.3,19570.0,13614.0,7.1,1,1,0.392,25005.0,Self-employed,Poor,0
51,78004.0,2.6,41886.0,16245.0,4.9,2,2,0.63,42345.0,Employed,Average,0
44,35962.0,6.6,3941.0,22761.0,11.6,7,5,0.381,19796.0,Employed,Average,0
53,19318.0,4.1,4876.0,13429.0,7.9,7,3,0.472,10450.0,Employed,Excellent,0
55,68518.0,6.1,41641.0,8092.0,5.1,0,2,0.138,0.0,Employed,Excellent,1
46,68887.0,5.0,17583.0,11070.0,6.5,4,3,0.597,49115.0,Self-employed,Good,1
33,65565.0,0.0,2846.0,10630.0,11.9,2,2,0.477,41230.0,Employed,Good,1
55,63970.0,10.5,39277.0,15179.0,10.6,2,3,0.151,10282.0,Employed,Excellent,1
53,47948.0,5.7,32272.0,17974.0,2.4,4,2,0.386,38232.0,Employed,Average,0
65,72325.0,4.1,29277.0,15845.0,4.3,7,1,0.25,46568.0,Employed,Average,1
27,53998.0,3.8,11481.0,6511.0,8.9,4,1,0.81,15559.0,Employed,Excellent,1
39,44284.0,7.4,30530.0,29476.0,8.4,7,2,0.309,18570.0,Employed,Excellent,0
62,48138.0,2.4,9289.0,23170.0,2.8,6,1,0.1,34712.0,Employed,Good,1
44,99454.0,0.0,32947.0,48954.0,10.0,6,1,0.661,36199.0,Employed,Good,1
63,18000.0,7.6,3851.0,6270.0,3.4,6,3,0.584,4990.0,Employed,Average,0
21,65995.0,8.1,43074.0,41564.0,,6,1,0.342,40562.0,Unemployed,Good,0
22,18060.0,5.2,19132.0,3913.0,9.1,2,3,0.4,0.0,Employed,Excellent,0
56,52619.0,1.4,23663.0,14254.0,2.5,7,2,0.496,34987.0,Employed,Average,0
37,45460.0,6.4,508.0,6615.0,4.9,7,2,0.52,25326.0,Self-employed,Excellent,1
44,18000.0,0.1,10160.0,10654.0,4.8,4,3,0.346,6306.0,Employed,Good,0
40,63559.0,1.9,13230.0,18498.0,,5,0,0.476,41455.0,Employed,Good,1
39,46639.0,3.0,39377.0,19182.0,6.2,7,1,0.595,27187.0,Employed,Poor,0
63,18000.0,9.4,539.0,4073.0,2.4,1,0,0.125,0.0,Employed,Average,1
25,73470.0,4.5,9851.0,34455.0,1.4,0,1,0.182,57767.0,Employed,Excellent,1
55,86570.0,4.2,,33159.0,9.2,7,2,0.276,25116.0,Self-employed,Good,0
61,87783.0,13.8,30157.0,49048.0,8.1,4,1,0.2,14344.0,Employed,Excellent,1
50,62897.0,7.4,37085.0,8437.0,7.4,5,0,0.814,58881.0,Employed,Good,0
38,56013.0,7.4,8692.0,7973.0,8.1,4,2,0.169,56365.0,Self-employed,Good,1
28,84219.0,4.5,53737.0,46142.0,4.5,4,2,0.608,40302.0,Employed,,1
51,92012.0,3.6,1363.0,31347.0,7.7,0,2,0.137,53276.0,Employed,Average,1
42,79939.0,0.0,1054.0,32148.0,,2,0,0.253,8636.0,Self-employed,Excellent,1
27,34286.0,9.9,2640.0,18073.0,11.7,0,2,0.553,28168.0,Employed,Good,1
37,59430.0,7.8,14559.0,21661.0,5.8,3,2,0.678,10589.0,Employed,Average,0
64,64669.0,5.3,29063.0,35198.0,4.9,0,5,0.163,20350.0,Employed,Good,0
32,18000.0,5.5,577.0,5326.0,0.5,6,1,0.526,0.0,Self-employed,Good,0
29,65326.0,8.9,500.0,37364.0,11.3,2,2,0.089,47898.0,Self-employed,Average,1
51,105006.0,0.0,54306.0,21717.0,10.1,5,1,0.174,79969.0,Self-employed,Average,1
29,69079.0,3.6,11705.0,32921.0,4.8,0,0,0.606,63615.0,Employed,Good,1
62,87415.0,1.5,41848.0,47271.0,1.3,0,0,0.796,66098.0,Employed,Poor,0
59,59024.0,13.1,34407.0,13196.0,2.4,3,1,0.674,17897.0,Employed,Excellent,1
65,53389.0,9.5,7221.0,10368.0,8.8,6,3,0.664,4114.0,Self-employed,Excellent,1
62,63388.0,0.0,46403.0,16348.0,6.6,6,0,0.463,32890.0,Employed,Good,0
31,37052.0,0.0,8734.0,9584.0,9.8,4,2,0.311,12708.0,Employed,Excellent,1
30,33797.0,5.5,15367.0,6185.0,7.3,4,2,0.728,17739.0,Employed,Excellent,1
36,82859.0,4.1,5848.0,10714.0,10.9,5,1,0.48,31013.0,Employed,Excellent,1
42,85192.0,0.7,47571.0,53310.0,8.5,5,0,0.267,79000.0,Employed,Average,1
60,33196.0,13.8,13280.0,7496.0,10.3,5,0,0.144,15325.0,Unemployed,Good,1
54,76296.0,7.3,24377.0,31253.0,0.5,0,3,0.268,26379.0,,Average,0
49,53087.0,7.9,38705.0,22909.0,2.1,3,4,0.383,36686.0,Employed,Good,0
60,62476.0,3.2,14631.0,5255.0,5.5,6,1,0.329,36774.0,Employed,Good,1
50,65125.0,8.9,36048.0,5233.0,11.3,3,3,0.611,15283.0,Employed,Excellent,0
38,76876.0,4.5,49517.0,51509.0,14.5,1,0,0.17,45514.0,Employed,Excellent,1
39,56820.0,4.9,37622.0,29083.0,6.3,5,1,0.438,29975.0,Employed,Average,0
44,86024.0,8.4,52416.0,5813.0,4.6,2,2,0.07,19506.0,Employed,Excellent,1
24,61807.0,0.0,49560.0,32133.0,0.5,4,0,0.264,31593.0,Self-employed,Average,0
54,68732.0,12.4,6857.0,29978.0,10.5,4,3,0.742,55062.0,Employed,Average,0
50,36668.0,6.7,26626.0,3416.0,4.8,5,1,0.237,12780.0,Employed,Average,0
53,102490.0,11.1,59908.0,47252.0,18.8,7,3,0.544,41287.0,Employed,Good,1
45,65336.0,1.7,30574.0,24537.0,4.0,5,2,0.128,20315.0,Employed,Average,0
56,70686.0,2.3,18712.0,11883.0,15.4,7,0,0.264,37062.0,Employed,Excellent,1
63,19620.0,1.4,16609.0,8442.0,10.0,0,1,0.412,6692.0,Employed,Poor,0
46,36901.0,7.0,10199.0,9619.0,2.9,6,3,0.64,0.0,Employed,Excellent,1
40,82233.0,6.3,32510.0,18016.0,7.9,3,1,0.475,63458.0,Employed,Good,1
25,,4.1,27561.0,19548.0,10.1,5,1,0.45,42489.0,Unemployed,Poor,0
56,18000.0,1.9,5922.0,11948.0,6.1,0,0,0.189,0.0,Unemployed,Good,1
61,77842.0,0.9,44065.0,34787.0,10.4,4,0,0.39,50902.0,Self-employed,Average,0
52,43037.0,5.8,4258.0,28025.0,10.3,0,1,0.417,42922.0,Employed,Good,1
59,86049.0,4.1,40270.0,17221.0,9.4,5,0,0.366,75870.0,Employed,Average,1
59,53068.0,3.3,36574.0,32275.0,6.9,1,1,0.679,33836.0,Employed,Excellent,0
56,59504.0,12.2,17697.0,21599.0,2.3,1,2,0.2,12915.0,Employed,Good,1
43,80937.0,5.7,42585.0,19697.0,6.7,0,0,0.148,7663.0,Employed,Excellent,1
25,35255.0,11.1,10743.0,2166.0,7.7,2,0,0.414,13641.0,Unemployed,Excellent,1
21,33157.0,3.9,15581.0,18155.0,0.5,7,2,0.559,21534.0,Self-employed,Average,0
30,50677.0,7.0,42882.0,6766.0,7.7,7,1,0.482,18583.0,Employed,Average,0
40,73198.0,5.8,11395.0,33421.0,6.6,0,0,0.586,47446.0,Employed,Average,1
54,25721.0,0.0,15013.0,11219.0,1.8,7,2,0.733,22471.0,Self-employed,Average,0
41,18303.0,11.7,5816.0,5462.0,5.7,4,3,0.269,0.0,Self-employed,Average,0
22,73122.0,5.5,24193.0,47246.0,5.8,2,2,0.175,65363.0,Employed,Good,1
30,41734.0,9.0,22168.0,21036.0,14.7,7,0,0.64,7061.0,Employed,Good,0
65,46371.0,3.0,19522.0,18616.0,7.9,1,3,0.328,12772.0,Employed,Average,0
65,18000.0,5.3,11169.0,5468.0,11.1,1,3,0.387,21023.0,Employed,Average,0
37,40062.0,2.5,7686.0,17257.0,6.5,1,1,0.502,1788.0,Employed,Excellent,1
57,54834.0,10.9,8500.0,31029.0,0.5,1,3,0.489,10701.0,Employed,Good,0
53,75468.0,7.2,43315.0,14256.0,9.7,3,2,0.897,62948.0,Employed,Excellent,1
62,38033.0,7.5,13036.0,13405.0,4.4,1,0,0.504,33187.0,Employed,Average,0
60,91462.0,11.4,38462.0,21284.0,5.7,1,0,0.149,73671.0,Self-employed,Excellent,1
49,39940.0,10.6,12857.0,13394.0,2.8,2,3,0.834,2982.0,Employed,Good,0
38,39972.0,9.1,21949.0,14133.0,7.3,5,2,0.659,27195.0,Employed,Average,0
49,88822.0,0.3,39714.0,10107.0,11.3,6,0,0.443,18882.0,Employed,Poor,0
35,59652.0,3.2,22313.0,42598.0,10.7,0,0,0.553,14375.0,Self-employed,Good,0
36,42855.0,2.0,6356.0,4571.0,13.3,5,6,0.307,37506.0,Employed,Average,1
48,51587.0,8.9,24723.0,1000.0,13.9,0,1,0.568,10090.0,Employed,Average,0
46,84768.0,6.7,61364.0,29822.0,0.5,7,3,0.213,54079.0,Employed,Excellent,1
47,87256.0,0.4,37308.0,37183.0,2.2,2,2,0.371,13484.0,Employed,Good,0
38,37031.0,5.2,12951.0,2014.0,0.5,6,2,0.285,14699.0,Unemployed,Good,0
39,54066.0,0.0,33582.0,17094.0,9.5,6,1,0.474,0.0,Employed,Excellent,1
21,56983.0,5.8,24284.0,32768.0,4.2,2,1,0.448,230.0,Employed,Good,0
48,33303.0,0.0,11104.0,9932.0,5.0,2,2,0.131,15409.0,Employed,Excellent,1
46,53775.0,8.1,22291.0,37984.0,6.1,2,2,0.495,51249.0,Employed,Average,0
63,55117.0,7.5,6132.0,18508.0,8.5,3,1,0.141,22649.0,Self-employed,Good,1
43,80085.0,13.6,47076.0,39131.0,1.1,3,2,0.559,52415.0,Employed,Excellent,1
42,81563.0,9.4,55880.0,11446.0,2.0,5,3,0.516,14805.0,Self-employed,Good,0
24,47757.0,4.3,28387.0,23869.0,7.0,3,3,0.239,31626.0,Employed,Average,0
29,50293.0,9.3,34379.0,29766.0,11.8,6,3,0.128,25612.0,Employed,Poor,0
36,69614.0,0.4,25525.0,10454.0,6.9,3,0,0.537,35253.0,Unemployed,Average,0
37,42126.0,2.2,7070.0,2692.0,3.8,2,2,0.612,29322.0,Employed,Average,1
37,67950.0,7.3,35172.0,17418.0,0.5,2,1,0.259,58379.0,Self-employed,Good,1
38,53066.0,0.0,38702.0,8138.0,10.8,5,0,0.026,44496.0,Employed,Good,0
55,33673.0,5.9,18531.0,20883.0,4.1,1,1,0.503,29252.0,Employed,Good,0
26,33950.0,1.9,13183.0,12790.0,2.4,2,2,0.193,8293.0,Unemployed,Poor,0
35,86835.0,6.4,45851.0,37666.0,0.5,2,1,0.101,1607.0,Employed,Excellent,1
28,51559.0,1.7,28989.0,29970.0,1.2,5,2,0.295,17364.0,Employed,Good,0
34,91088.0,7.7,63728.0,45418.0,3.2,1,0,0.338,21632.0,Employed,Excellent,1
51,43700.0,6.1,22956.0,27551.0,6.0,3,1,0.082,13870.0,Employed,Average,1
23,61407.0,11.6,32318.0,14001.0,2.2,5,2,0.667,28198.0,Employed,Good,1
36,107639.0,6.0,20360.0,27073.0,7.7,7,0,0.383,60061.0,Employed,Average,1
22,31737.0,2.9,10353.0,5007.0,6.0,3,1,0.259,19369.0,Unemployed,Poor,0
63,18000.0,5.0,3012.0,9113.0,15.9,7,2,0.433,4945.0,Employed,Excellent,1
53,83305.0,0.6,67303.0,25621.0,0.5,4,0,0.502,80370.0,Employed,Average,0
31,36810.0,7.6,9649.0,4090.0,7.6,6,0,0.073,6098.0,Employed,Good,1
29,54544.0,8.4,22454.0,10246.0,7.7,1,3,0.279,8217.0,Employed,Good,1
25,42110.0,15.9,13363.0,12179.0,2.9,7,0,0.434,22418.0,Employed,Good,1
42,60900.0,3.5,31637.0,16344.0,7.4,2,2,0.457,42232.0,Employed,Good,1
54,34088.0,4.9,19059.0,5746.0,10.1,1,0,0.272,25685.0,Employed,Good,1
47,51041.0,3.7,12026.0,14369.0,7.4,0,0,0.47,41725.0,,Average,1
60,64896.0,6.8,40927.0,22711.0,12.5,5,1,0.685,17885.0,Unemployed,Average,0
36,32817.0,7.5,10664.0,18488.0,0.5,5,1,0.567,16132.0,Self-employed,Good,0
33,39598.0,5.8,6514.0,18732.0,3.6,1,1,0.43,27005.0,Employed,Excellent,0
42,47358.0,10.3,9582.0,9702.0,12.9,7,1,0.405,24294.0,Self-employed,Excellent,1
30,23566.0,3.5,7131.0,1000.0,10.6,2,0,0.279,8198.0,,Good,1
64,45704.0,9.9,24000.0,19555.0,9.2,4,1,0.719,11556.0,Employed,Poor,0
29,57614.0,8.2,31676.0,7319.0,11.9,4,1,0.551,25220.0,Employed,Good,0
42,46210.0,6.0,5599.0,13997.0,0.5,4,3,0.199,5113.0,Employed,Average,0
44,49030.0,4.7,29071.0,33245.0,10.2,5,1,0.506,27202.0,Employed,Poor,0
